id,label
9a9132d0-a23.png,2
4155e7df-8b7.png,2
f4a45fe9-a7e.png,1
b16ca5fa-849.png,0
8391ea8d-c9f.png,0
f2c29721-0d0.png,0
978052d5-ee8.png,0
c7306916-4f1.png,0
78d3be5f-699.png,1
19ee8fad-70d.png,2
4babaf0f-ab5.png,0
ff37981f-053.png,1
dd549d13-8fd.png,2
b683216d-ae6.png,0
14d6e04b-be5.png,1
3a94e103-caa.png,2
2f6c4f0c-d79.png,2
b4c1fda4-cfa.png,0
635ab8aa-09a.png,2
68a1a57a-f7a.png,2
ebccfc26-144.png,1
66ec708f-0d1.png,1
a12f0c14-009.png,2
0659168a-321.png,2
3c22b35d-466.png,2
99564e22-b4d.png,1
b4db2053-701.png,2
2ab2aa17-c52.png,0
f9c9a144-3f9.png,1
6bb6ae7f-490.png,2
a30a1ce8-774.png,2
5257e0f7-49a.png,0
6e6e9a1f-f5c.png,1
7ba46411-53f.png,2
a7c1842e-613.png,1
89cb1e76-ea0.png,0
d05f4ae5-dee.png,0
b1c6b332-743.png,2
ead0cc06-ce6.png,1
cc4c862a-031.png,1
f7147e02-9a3.png,0
c5fc5f6c-f2c.png,0
d5777041-5f8.png,2
6bf5b4e0-b9e.png,0
508a77f5-579.png,1
56e782e4-989.png,1
541c7b54-933.png,2
8d26d8aa-69b.png,2
5290b32c-65b.png,2
d8a2befa-24c.png,2
decfff2a-817.png,0
d773ebdf-682.png,2
9bbb2cd5-0fe.png,2
2c50e5ca-338.png,2
fee2bd79-c9d.png,2
57f8f9d3-647.png,2
6306206d-1a1.png,1
e2094ab2-236.png,1
691bdd01-2c9.png,0
8675705a-478.png,2
3dfb0a49-7c5.png,2
e38a9d9b-71d.png,2
02c804ea-c6a.png,1
5d66c2a3-8b5.png,2
2c81539a-75f.png,1
ccfaf9c6-365.png,1
68b8d2ac-b54.png,1
3d4d0d7c-dba.png,2
3036832f-1e3.png,2
3c75b38a-30e.png,2
99dbd676-a8d.png,0
02b2ba40-d05.png,1
d5a70706-fd4.png,0
1f3b22e1-4dc.png,2
7682a771-59d.png,1
ce8c28f8-415.png,0
10ee6710-7c9.png,2
8a04235d-322.png,0
f60bf6c8-223.png,0
f2395f38-ee7.png,0
07e62d97-28d.png,2
9f608ffd-be0.png,0
f4b28321-be0.png,0
072e1113-621.png,1
6aae0203-fbf.png,2
694cc310-44e.png,0
759bef20-9cd.png,2
57c8db28-7fd.png,2
48e4d5c2-6fa.png,0
2b02cd71-5be.png,0
8dd78815-f65.png,1
5e886470-5b5.png,1
4d98099d-594.png,2
05e38336-801.png,1
7059489b-8b0.png,2
744ef41c-eae.png,2
c7342b00-d56.png,2
028f5c4b-26c.png,2
422e9930-994.png,1
6975dfe2-b09.png,1
8d33d091-658.png,2
26d0ea44-4ac.png,2
3d5065ab-335.png,2
6c062773-58d.png,0
4eec2de7-a72.png,2
20410d60-fdc.png,0
ce36767c-33e.png,2
f647c3f0-386.png,0
c3e57395-d0f.png,1
400190a7-5d7.png,2
549d996a-e30.png,0
09a2a5f3-f0c.png,0
72a7676a-b3f.png,2
e93cd19c-e3f.png,2
ea155d10-961.png,2
41df5907-9ba.png,1
a63d82b8-534.png,0
0e2783e4-41f.png,0
458de0b9-2cf.png,0
96288117-8b4.png,2
9f25de08-127.png,0
8a11f2c7-00c.png,0
8c3999f0-3c5.png,2
50405406-6aa.png,2
10e29695-a3f.png,1
75514bc6-97f.png,1
05fac57d-e9c.png,0
94ba64fb-656.png,1
cbf43cd1-140.png,2
307f9f20-1a4.png,1
48df63f0-9fd.png,1
68c2d5b2-e87.png,1
d0562d14-5a8.png,0
39d82192-e96.png,0
9e6f6877-503.png,2
43aec1f8-3e0.png,2
51d99e96-d6b.png,2
57cb41fb-37f.png,1
1a5d31c4-db8.png,1
7e43f07b-42b.png,1
6e8d1c13-6ad.png,0
7d45fe7d-f3f.png,2
376a4343-a96.png,1
4b332192-61e.png,2
8fafa7e3-0e0.png,0
b8486c89-c6a.png,0
952f1c1e-134.png,2
d162da98-670.png,2
e43b499f-168.png,1
809e2de2-a96.png,0
304f6a8f-7ab.png,2
7d47ade8-755.png,2
03946482-00f.png,0
0a5c50b4-23a.png,2
1b734a57-060.png,1
10d3a5cf-d2b.png,2
6926be46-d7f.png,2
89d82878-3bd.png,1
d4b1341a-6aa.png,0
1ba72cbb-7f3.png,2
31ca158f-e52.png,1
8ff8cbc5-5ff.png,1
193107d7-b34.png,1
cee0c20d-22c.png,0
5a58a178-2b6.png,0
fd064c97-4b9.png,2
71dfd48c-299.png,1
2376ddd8-14a.png,1
499ce895-2e0.png,0
1fd5928d-a36.png,2
e1755e51-9e0.png,1
4905735f-f5e.png,2
7d9b22c6-31d.png,1
d3428e34-544.png,0
d40e8e35-cd6.png,1
e3ad3db1-3cd.png,1
e5df677d-570.png,2
fa41c4cc-34b.png,2
7550bf42-2e6.png,0
cb363f75-978.png,0
7c5e09c6-7ab.png,2
ff12a456-a22.png,2
b303c1ea-d00.png,0
52b6a2fa-ccb.png,0
f9741d3f-788.png,1
dfc8aa05-e29.png,0
be190db0-09a.png,2
5684d01e-a0d.png,2
b4784908-fbb.png,1
ffcdcf43-656.png,0
e44e7ce9-7a7.png,2
52a9f324-9b9.png,0
d29e6a9e-fbd.png,2
4fc339f5-c6d.png,2
78f3380d-3c6.png,1
f07abec9-3b8.png,2
bf743091-65f.png,0
b22133cf-bd1.png,1
87b091b5-922.png,0
7a5f7339-317.png,0
0ab16232-b15.png,2
ca0ffd53-2d5.png,0
69fa9f17-df1.png,0
0b91a420-3fd.png,0
d5f54aec-65c.png,0
f851ff26-13a.png,1
77ad4ab2-e5c.png,2
2baaf5a4-10a.png,2
e77acb30-4e5.png,0
a265f037-e9a.png,2
18db3286-64b.png,1
1f80e8bd-468.png,2
71c8e30a-ef0.png,2
61475cfe-049.png,0
aa03aac5-5fe.png,2
13312e74-6eb.png,1
3f98ec0f-68d.png,2
e0bb3646-122.png,0
450eb482-1da.png,0
9a9acd0c-1a8.png,1
908ac06e-2a9.png,1
2984100c-a3f.png,2
490ccb36-bf5.png,1
d49749dd-a10.png,2
a6f28eb1-cc5.png,0
c84d85b4-3c3.png,2
c90e414a-eca.png,1
5fefbe69-124.png,2
9b3cf484-7c2.png,1
2345731a-5ac.png,1
bc9c5bdc-04d.png,2
c3f666c6-52b.png,0
80b5d4cd-69d.png,2
d910e455-247.png,1
d60e1daa-d08.png,0
cfbaa7f1-470.png,2
46150d1c-671.png,2
dc7512b4-78f.png,2
f0494a4d-603.png,2
37721d2c-478.png,1
ba4851dc-a25.png,2
74356189-e35.png,2
cc008d7b-653.png,2
8609eeaf-1c6.png,2
2377d555-9f2.png,0
990f07da-8d6.png,0
25121325-e15.png,1
ea963889-5a4.png,2
65bc8b75-09c.png,2
50221b2e-44c.png,2
d7f0e40a-152.png,2
e48a283c-c8b.png,0
fc437fcd-966.png,1
912b5c5d-480.png,0
b7748fec-9a6.png,2
ab8346df-7eb.png,0
e6707cd9-00d.png,2
f746483c-e1b.png,2
3d7670e7-ed7.png,2
30080398-f5c.png,2
c873737e-151.png,2
6afa0b0c-949.png,2
f67d8d1f-5d6.png,1
3cfc5b49-ae7.png,2
e89be096-c9e.png,0
d9c3f16a-09c.png,2
ffabc2ce-173.png,0
401effe6-1b5.png,1
cbf279b1-cba.png,0
42cf95fd-abb.png,2
d7f2784b-eb6.png,1
b91d5957-9ba.png,0
a19b75e5-a4c.png,2
0e49a479-649.png,0
782f6c79-1e3.png,2
ceacc997-ee7.png,2
27eddfbe-4bc.png,0
2dd4851c-203.png,2
eb7fee25-6a7.png,2
549c8e97-b81.png,0
a2a95dbc-b54.png,0
76ba9e27-79d.png,2
9c9da75c-ea6.png,0
f43e7128-899.png,0
afd14d51-473.png,0
98a92e40-ce3.png,0
2e79d3b9-d16.png,0
082ff0df-2e4.png,1
5a1de0aa-63f.png,0
e1141fad-b35.png,0
ddb2acce-33f.png,0
ec37302f-e27.png,2
6d98f822-1e2.png,0
ff05fcef-01a.png,1
e790842e-255.png,1
c9db0310-638.png,0
6f6769e1-d9b.png,0
d4528432-ade.png,2
0f1a6f2b-21b.png,2
7c8d4919-e8a.png,2
b1631a37-1d6.png,2
2fda5505-500.png,2
eb74b995-95b.png,1
acbb6a06-64d.png,1
a9d42ed9-930.png,0
3ab785d4-8d2.png,1
c5ca2362-546.png,2
de096aaf-1ac.png,1
f2dbe75d-4a4.png,2
e533e240-ffb.png,0
5c2ab8d8-d89.png,1
fd1e2875-dab.png,2
e3794b83-488.png,0
3f7adb45-d3e.png,0
a7353ba0-8ae.png,2
bf104572-60d.png,0
2a966ba9-ec5.png,1
e0865304-bdf.png,0
5ac25f34-35f.png,0
926653dc-cbc.png,2
8ee25ee6-b12.png,1
d46aaff3-834.png,2
6e12c3a8-645.png,2
ddb9a07c-10e.png,0
53bf8882-ad7.png,0
25cb7e2e-b0f.png,2
28688c92-869.png,2
4112d0ac-df5.png,2
3a0aefbb-325.png,0
6de25058-f00.png,0
8525f7d3-9b2.png,0
88731d78-2d9.png,2
43e85876-383.png,2
1bc36843-3c8.png,2
5b38827e-9c7.png,1
5c2fc594-a00.png,2
b9b45f44-a7e.png,2
4849b32a-462.png,2
fdc198cd-832.png,0
70ace911-4f7.png,0
f173eaad-a0d.png,0
59f02e6e-41f.png,1
01e27d6b-8dd.png,0
0160eef8-5a3.png,1
954e94db-2c4.png,0
2025dcb6-5cd.png,1
84279275-495.png,2
bffdaab8-fc9.png,1
5c5846b2-9d4.png,1
fb359708-cb2.png,2
7730e2c7-688.png,1
cf789b7d-74b.png,2
5952ff7e-618.png,0
bfb548e8-b0e.png,2
1e635a9e-20e.png,0
262a15c1-bab.png,2
0fbccbf1-ab0.png,2
ce5b2604-7b7.png,2
4e1e9ff3-65c.png,2
ea7f4444-74e.png,1
09bcc6c1-dd6.png,2
2968cb15-208.png,1
7a1ca9cf-e21.png,0
662f31fc-6f9.png,0
c4d1fff8-463.png,0
b2de6ba0-603.png,0
deecdbd7-a5e.png,1
be9022d8-498.png,1
73c406ad-e96.png,0
9f3ec5e4-95c.png,1
acdb5eee-98d.png,0
1cc003ad-040.png,0
f9c8d607-5a1.png,0
18465af8-926.png,0
65cbbdc7-320.png,0
c81f7475-4a3.png,1
5a3bbc4e-eee.png,0
13da9cf3-fc0.png,1
e21ed68c-717.png,1
d6ac447c-d1f.png,2
537095b2-f87.png,1
153e66b5-af3.png,0
41917f2e-1fb.png,1
2d872280-529.png,2
d9822129-3e6.png,1
63894a1e-be3.png,2
79cab8cf-bef.png,1
8013a1dd-ddf.png,2
18df7bf9-aef.png,1
8f6a6567-0ef.png,1
23d833be-67e.png,2
f9df92f5-ac6.png,1
2c05f9af-8e2.png,2
c62c5e39-31a.png,2
75a736a1-15c.png,0
626f935d-57f.png,0
ec8fee71-a4a.png,2
65703ee9-89d.png,0
40cdf511-610.png,0
23efc252-bd1.png,2
6e876f7e-b06.png,2
c38aaa78-19e.png,1
4a37d45e-544.png,0
082f742b-fc0.png,0
4e26e0ba-66e.png,2
2b0f6c49-2fa.png,2
863d9982-6a0.png,0
a3faae60-939.png,0
5ac83b7d-68d.png,2
bb2cf83b-975.png,0
a5268ad0-91a.png,0
208bfd12-3ee.png,1
c013def9-b8e.png,0
e89ea23e-5d6.png,0
4c74f6a1-0be.png,2
5377ee11-a35.png,1
8b669c85-3d2.png,1
c276a036-ef7.png,0
d94e9ae0-fb7.png,2
d4575f17-75c.png,2
057df536-687.png,1
a5858fc7-8e9.png,2
afebd3af-1ad.png,2
7147a25f-0d9.png,0
a0078fa7-dfe.png,0
4e43b70b-011.png,2
eee02ac9-c9f.png,1
18ef9190-7c5.png,1
e8256997-cfa.png,2
f19e9901-681.png,0
1da2aad2-33b.png,0
133a443e-935.png,2
d15eaa9b-2b5.png,0
dcc766dd-697.png,0
49707c44-da3.png,0
11b36fd1-6d7.png,1
f6e1e980-e78.png,1
1e5658dc-7d8.png,0
06ec7683-509.png,0
5cc56bd5-e07.png,2
6aece461-e07.png,1
64b4125a-bc2.png,0
c0b77254-e40.png,1
bdaf5c2c-7ba.png,2
2f4f9163-760.png,1
194022e3-466.png,2
1945cfa4-d23.png,2
e854c93d-cc6.png,2
39b066c4-eb5.png,0
533a361c-24c.png,2
9b3909de-e72.png,1
bfaafbe3-be4.png,0
547b7696-a91.png,2
0b33c975-484.png,2
c5e30219-f35.png,2
614a2194-abd.png,0
2b64ce61-715.png,2
c907b932-686.png,1
bef2823d-d1c.png,2
1b1250f9-7e6.png,0
56d87bb9-c04.png,0
18c72dff-410.png,1
51a5230e-a86.png,0
168509b2-6c0.png,2
27c8a630-100.png,1
6a0080ea-dfd.png,0
e8f6d6e0-ff9.png,2
6a71a7b4-863.png,2
637c9122-032.png,2
2449550a-7d3.png,2
802fb68b-96c.png,1
c16972dd-7c7.png,2
edeaba10-048.png,2
aaea7670-fd0.png,2
436af911-07f.png,2
6b8976eb-176.png,1
9a2c298c-a3d.png,2
e836cc09-bfe.png,2
046c6b60-c58.png,1
09cc29fc-f54.png,2
78368ff3-7bb.png,1
685c0134-aa7.png,2
53b9203a-061.png,2
d1efc788-977.png,2
737fc332-420.png,0
7ab06721-ad4.png,1
1bae0a3f-b5e.png,2
06161831-5d0.png,2
851fc707-08e.png,0
41a30841-313.png,2
a4abc711-31a.png,2
05b3370c-002.png,1
6db09a1a-1b0.png,1
4a723597-51d.png,0
c1c839b5-05b.png,1
7abbdc75-a57.png,2
230c81db-f21.png,0
1419cf1d-d6f.png,1
2729889e-61d.png,0
1702236a-e4c.png,0
130f0772-3dc.png,1
b8ca125b-7c9.png,2
7b7597a1-cc5.png,2
7b5757d1-303.png,2
f8b3fd68-172.png,2
c328cf5b-9b2.png,2
f0e70532-474.png,2
0f01bf14-dc5.png,2
7db75f5e-06d.png,1
d658dfb7-b25.png,2
d0c21825-555.png,0
7944dc14-257.png,2
c94f5aee-9a2.png,2
e951f21d-7b1.png,0
b70cf17f-425.png,0
5eea898d-9b5.png,2
29fceb36-d9e.png,0
a85e0d0f-6b6.png,0
ab165351-04f.png,2
4e1c819a-1cb.png,1
7c31fb85-6a3.png,0
77588468-007.png,2
c7125cf0-fc0.png,0
e918af14-2c0.png,2
921b9413-073.png,0
6588a8df-3ce.png,0
98008448-2a1.png,0
2675293b-010.png,0
769c3d6b-f5f.png,0
075a8d6e-37d.png,0
14bfd806-971.png,0
4dec9883-ddd.png,0
a1e0a825-575.png,2
f8385c5e-b9b.png,2
a9c6ccc2-c8d.png,1
a1aab512-faa.png,2
592b6988-e0f.png,0
5d624487-d47.png,2
3dee6188-ef1.png,2
85255405-10b.png,1
06f43e81-b2f.png,2
bb981725-758.png,2
ae3c8a03-436.png,0
d52e3f75-570.png,2
b1b5b5bc-cee.png,2
e9158545-88e.png,0
beda9996-d24.png,2
b73f9f6c-a97.png,1
da6fb038-e86.png,2
0040e007-d6f.png,2
f86f917f-9f9.png,2
3806326a-3c7.png,1
159f63b0-2f1.png,2
ee5f2421-99b.png,2
dfaf7761-e00.png,1
945c9522-3a5.png,0
1d0a7297-511.png,0
eb340fb9-25e.png,2
bc657e3b-c1c.png,0
e88cd2e7-2fd.png,2
472a530e-f26.png,2
e6b20bce-c41.png,2
6da95bdc-386.png,2
4af1c811-bfc.png,2
bb0aaf51-095.png,2
81a8b2b8-98b.png,1
6df45b35-6ad.png,2
b47ca6e0-828.png,2
554e4119-5e3.png,2
59e85e12-e01.png,2
03dc7db1-358.png,2
87e7ea28-87b.png,0
a29acc23-753.png,1
fa5e5028-1d0.png,0
e011c376-f0a.png,0
a3dbe027-d10.png,1
94e0a0c6-554.png,1
e3f1b275-2f2.png,0
dd5add43-825.png,1
8d289bc4-b84.png,1
e1cbf64b-7dd.png,0
c2dc27d7-33c.png,0
0f84259d-749.png,1
ebd96ec6-391.png,1
99bc131a-0da.png,2
b9255ae7-654.png,2
dce3e1d4-5db.png,0
d75cf146-bb5.png,2
62f56e1f-aec.png,2
462cf72d-61f.png,0
01a612a9-b94.png,0
114433c4-72e.png,2
26ed6cc2-2da.png,0
1bc8c643-c6a.png,2
42739af8-853.png,2
c657ede1-ec7.png,2
68faf393-2dd.png,2
84582751-698.png,2
d4f51322-f15.png,2
3651c6ca-f6b.png,2
023d460a-018.png,0
4f5a3dbb-ee5.png,1
4c561599-d62.png,1
2b10b961-dc3.png,1
369b6332-524.png,2
b507b30e-461.png,0
1f6a0b06-cf6.png,2
acfa783c-17d.png,0
613faf5a-c39.png,2
4c251234-e16.png,2
ad24d177-53c.png,0
8d48edb4-a27.png,0
c1d16a54-3fe.png,0
dfa89b9d-236.png,2
35628989-8be.png,0
7c6f0b57-8c4.png,0
bb7bf4b4-9fe.png,2
88c3868b-53f.png,2
473185b7-388.png,1
37c7a0ee-be3.png,2
14635336-184.png,1
15fbb924-3af.png,1
31372b12-458.png,2
6966aeff-3b3.png,1
79d3cb83-d6e.png,1
2f566fbc-d9f.png,2
7173730c-612.png,2
e66ce1b8-c12.png,2
777edfc8-2a3.png,0
5f8abf0c-601.png,2
d64f4bd5-413.png,1
76929fc4-8a6.png,1
f86ae2c3-0e6.png,0
b3a9e366-47c.png,2
48ca8ef6-54f.png,0
9f57edde-01f.png,2
33bb06f3-28c.png,1
b2359ad0-e35.png,1
d056fb15-634.png,1
330e7749-9ee.png,0
3a42b342-387.png,2
af2a452c-16b.png,0
e22e9d9f-922.png,2
f6fc65ff-5e5.png,1
9e654fb5-471.png,2
95cc5888-bba.png,0
a2828024-63d.png,0
d68e159d-4e5.png,1
ef73a7e0-084.png,2
01e5394d-f98.png,0
0112f860-4ab.png,1
f97096e1-784.png,1
f946dd4b-e9e.png,2
243588ff-b4a.png,2
fd64c0ca-dca.png,0
00e30dee-d9d.png,2
116c2916-ff4.png,1
91be2b9b-a9c.png,1
9ed53b87-1e1.png,2
df0464a3-146.png,2
8726cc2e-421.png,1
60b9ed30-d0b.png,2
251ebbf2-fa8.png,2
8a11d3df-b35.png,0
500adb1d-9ed.png,1
b5ab6b87-3a6.png,2
e1ffb0af-241.png,2
b32dfdd3-22b.png,0
815ea91f-375.png,1
3cf78b2a-41a.png,2
4b1ce38a-dde.png,0
588465c0-f77.png,1
0fbd9499-6a0.png,0
290bd281-ac7.png,1
8780ca90-456.png,0
b774d235-79f.png,0
960ec3d3-667.png,2
af407fec-528.png,0
424a51a6-9a0.png,2
6ae41304-baa.png,1
8136df42-735.png,1
58b04a42-413.png,0
ba50c104-552.png,1
388cc319-513.png,0
cba9d596-71a.png,0
c4d1c703-8e1.png,0
58ed0de7-fb0.png,0
3ee989c6-93b.png,1
842b7430-96b.png,2
a9562021-8a3.png,1
131a6eda-2ba.png,2
ef1728ab-075.png,1
35477135-96d.png,2
92e3000f-503.png,2
ada2b3a7-dbd.png,1
3da08b20-016.png,0
12b44b42-d81.png,0
9587f04e-4f0.png,0
6aecc04d-d9e.png,1
c669fba9-489.png,0
6a079e01-638.png,1
601d1d56-b1d.png,1
d333ff88-8e1.png,1
26cbd83f-437.png,1
57e4752d-ef9.png,0
81b18705-149.png,2
613f6b62-4fb.png,0
3a957472-0b2.png,2
78bb7891-b02.png,0
17b52f51-022.png,0
4f74680c-e4c.png,2
e0a9b81d-cce.png,1
4f8d7284-93d.png,1
a17dc227-263.png,2
10ed445e-211.png,0
c654b568-d09.png,2
57777fa0-c92.png,2
4057daa8-c43.png,1
94ce8dc5-de2.png,2
c157eb81-177.png,2
37ad9f3f-ec8.png,1
6178b866-f12.png,0
30b9061a-6a8.png,0
79223545-179.png,0
7b4151d7-806.png,2
7ebeeeef-84b.png,2
a8639abd-c2b.png,2
3f20ebf2-40e.png,2
bf8931b0-0f4.png,0
20466456-87f.png,2
33fe7d97-9d6.png,0
763ad154-699.png,1
a862775b-18b.png,0
b9fb2345-e29.png,2
dc8b988e-e9f.png,2
4067a996-879.png,1
5bf1ac79-dd6.png,2
275ee21d-604.png,2
7058a3db-0d4.png,0
568570f8-f94.png,2
88800da1-cc4.png,1
dd530116-29a.png,1
07492306-96a.png,1
675db3ac-aa6.png,1
7955b0a4-ce6.png,0
1b3b64ec-567.png,1
65f9d75d-a11.png,0
3bd4b4b0-20c.png,2
51d87dd2-cdf.png,2
c7dbd710-fb1.png,0
968a7ef4-c97.png,0
7ad2f8a1-af7.png,0
f1d6fb28-3c8.png,2
a65ce96b-c20.png,0
88bd2945-656.png,2
e4e1b67c-206.png,2
3e53a614-6b4.png,2
f36bf595-d18.png,2
4d9685ae-d49.png,2
ec0e1979-669.png,2
9825a1ce-b67.png,0
d8a356bd-f7a.png,1
da2743f5-458.png,2
850d28bd-7ee.png,0
d9342c50-56e.png,0
bfc6d80e-584.png,2
68d0d37e-59b.png,1
ee6e21ea-881.png,1
7ca245a9-b86.png,2
7a6b7dd8-fe1.png,0
c2b3a701-bd3.png,2
39ca5f7e-709.png,2
d4821e67-dde.png,1
7af9db04-ec8.png,0
99790309-097.png,0
9ee39aae-c39.png,1
2844c125-9ef.png,2
d071bd58-e2f.png,1
0fff3c52-f49.png,2
cc4f8803-36c.png,1
a11eccce-56e.png,2
71bffba0-d5d.png,1
983bcc61-484.png,2
805dd07d-6a8.png,2
0daa8a89-137.png,1
90eba46a-a91.png,0
4ee7a6e1-3d0.png,0
8aa66421-c4c.png,0
33515365-4d8.png,1
a7697c91-fbd.png,2
83845506-541.png,0
44081349-037.png,0
bde9ace2-697.png,0
73ef6099-a7a.png,0
d281ac33-3aa.png,1
8090a539-6b0.png,1
85484904-642.png,0
46b523b3-041.png,0
232d4f1d-5c8.png,0
400b7d38-ff4.png,2
f4cef857-278.png,0
c7b9ce41-ed2.png,2
497b2296-0b7.png,2
2e0c0c00-39c.png,1
37ad6cd5-1bc.png,1
52e60f21-275.png,2
d25426e1-775.png,2
d58ddf82-197.png,2
40e7f03d-e44.png,2
8a63a71e-9d0.png,1
77ed851c-0e8.png,2
962e942f-d48.png,2
caa5441f-d16.png,1
eb71b9df-689.png,0
5ca5cc4d-50f.png,2
e51653c3-588.png,0
b7693320-dd5.png,0
cca37e97-221.png,2
6daf4e11-0d5.png,1
40f0dbf8-797.png,1
527bb097-a7f.png,0
b86e9f3d-62b.png,2
a7be92c0-576.png,2
e13b1038-661.png,2
a42b5588-a2e.png,0
2e29a256-94e.png,2
b5f8ea50-75b.png,2
cfabdec0-ece.png,2
8ba1d4e6-55a.png,1
d91200fa-629.png,2
c730a9a0-7e3.png,2
ae0188b4-7c1.png,1
ecf66444-d3b.png,0
16704c77-264.png,1
55e8f695-4a8.png,2
c6c8da03-8ed.png,2
3a52b882-43b.png,2
d79ce39a-fde.png,1
7460f9ee-df2.png,2
67343fd3-cdb.png,0
ea51279c-5d9.png,0
5428ed1a-a4c.png,0
438b117c-962.png,0
45fc2c5b-c5b.png,0
46e5d610-08a.png,2
fac24779-9a8.png,1
58af5987-328.png,1
5248a212-43f.png,1
2a2a519d-511.png,2
b8575cdd-8c7.png,0
7d901314-ed8.png,2
f412fa82-bc5.png,0
93073e37-f7c.png,1
76b78afb-39e.png,2
178ed2fe-09e.png,0
8e925b3d-920.png,2
a4c75d15-cde.png,0
1e835993-148.png,1
946fe242-466.png,0
74a75e91-585.png,1
408e4e6d-a68.png,2
f73b2712-117.png,2
ac7d59ee-23b.png,2
a7e4cc89-b54.png,1
d6db5fda-2c0.png,0
98e0cefc-454.png,2
8673d4f7-807.png,0
4d571709-dfb.png,0
8b6765d7-f0a.png,1
afed9e05-b96.png,1
d62c5427-384.png,2
f136882e-42a.png,2
9e9622c8-34f.png,1
fcf83166-9ca.png,2
b68f9cd4-e9c.png,2
d1a92245-87c.png,0
ac51b4d0-06b.png,2
87b751a5-bb7.png,0
d2cfb639-da7.png,1
05996887-b2e.png,2
2967f4a4-cbe.png,2
bf9912d1-620.png,1
f9c0f5a6-509.png,1
186edc26-a79.png,2
1db945a3-0e5.png,2
98d7ce2d-fb9.png,1
44d60d30-487.png,1
e42f651c-e80.png,0
ebf6933c-b5f.png,0
a13bc622-363.png,0
42bd4ae5-081.png,2
6a77baf5-c4c.png,0
7209de3f-e6e.png,2
7577c34f-c37.png,2
6983de4f-5e8.png,1
e5e7e317-811.png,0
cda2a90e-7d6.png,0
b30e6929-564.png,0
2f0852d2-7fc.png,0
f1f3301c-d70.png,0
2721dc9b-ae0.png,0
95c64d5c-9a6.png,2
aa06ed6f-841.png,2
9570f9bd-14d.png,1
7b41d697-5f1.png,1
d59a1efd-cc2.png,0
97319475-643.png,1
08853739-5ee.png,2
36c44c11-1c3.png,2
bd5ecbcc-438.png,1
93aa8edf-6d0.png,2
53d0930c-cfa.png,1
48ff9484-c5a.png,1
2b37750f-4d6.png,1
43da9825-721.png,0
4331bcf1-09c.png,2
e50cc243-5a3.png,0
f6439901-025.png,2
fd1d8152-139.png,2
2c570f89-0c9.png,2
6ce7183c-af6.png,2
b87a31a1-972.png,2
3374363a-249.png,2
91abfe8c-146.png,2
3f51e9fb-d80.png,1
b68f42fb-ff6.png,0
6b3297ef-3f5.png,1
941d8482-481.png,1
fc1608d2-b42.png,2
5b60c940-03a.png,0
4429e96c-757.png,0
5bfa35b6-135.png,1
b0510067-836.png,2
b1151653-67a.png,1
1acb9957-da4.png,2
5b620772-620.png,2
f2375b1a-612.png,0
e66d90c0-08e.png,0
22e78c8d-14b.png,2
2f789619-0b7.png,1
745f0146-d90.png,1
8d4e4eaa-25a.png,2
bc86fe09-1e5.png,0
76af86c2-5e1.png,1
00625952-a48.png,2
e4ad3996-45a.png,1
726c46e8-13a.png,1
fad6b0c5-651.png,2
72839d3e-6df.png,1
4bd29ee0-cc6.png,0
2f2329b4-3b7.png,1
930cddbc-8be.png,0
00bd18ed-145.png,0
8af4c0ee-6b6.png,2
32dc9830-cb3.png,2
3be87542-210.png,0
3fdc06fe-267.png,2
996e61d1-e48.png,2
f1aed49f-bfe.png,1
c5604dc1-3de.png,2
99552834-512.png,0
f98a29d2-97d.png,2
5229cbdb-4c8.png,1
69b49a13-5a9.png,2
e3c7d9c2-3f2.png,1
7e8ee21b-d42.png,2
04638335-adb.png,2
972822f6-5bd.png,0
68991659-cab.png,0
2adfcbde-a96.png,1
523abb3b-2ef.png,0
c2abcb9b-a22.png,0
056e6b2c-11b.png,1
62245c92-e46.png,0
9bd0a7a9-f10.png,2
ba4c30b5-6c3.png,0
25e21391-4d9.png,1
809d0074-f0f.png,2
ac5bf99e-c5d.png,2
7d51b56e-8da.png,1
3b8b2e7f-f59.png,1
4a0125de-024.png,0
fb19a3fc-f1c.png,1
d691903d-cea.png,1
3e56166c-688.png,2
a6e1bc7e-38d.png,1
35bf1a58-334.png,1
77ee8769-c0e.png,2
cd9796d6-a0c.png,1
729f591c-b5c.png,2
56dc274f-e2e.png,2
5d6c5b2f-3e3.png,2
e0cedb4a-9cb.png,2
af880024-4ae.png,0
8a72519e-865.png,2
7074b921-1e0.png,0
1fdb399a-baa.png,0
6a8c40e4-414.png,2
afbd6839-878.png,1
86ba5170-9ab.png,2
5b7c2811-949.png,1
d8014d94-d8b.png,0
ddac59d8-b99.png,2
5c3c6838-a47.png,1
b8d2d416-be9.png,1
d9007957-4d8.png,2
e6ad9b0c-947.png,1
216c2d17-924.png,0
2cab33e2-65f.png,0
2f5662c7-072.png,0
9ec44558-bd2.png,1
b6285ea0-263.png,0
a34e70c8-4b8.png,2
c014ce4e-338.png,2
ff2ac96b-65d.png,2
ed2158c0-0a3.png,2
43ccfc06-ccb.png,0
1dc1795e-d93.png,1
8a3c6444-f2f.png,1
40a5c3b6-279.png,1
e8186f29-4fe.png,2
844bba13-376.png,1
920fdd6f-dcc.png,2
a0835498-d1f.png,2
76a085a8-e92.png,2
5355f353-367.png,2
40871b9e-fa5.png,2
dd38b8d1-aa5.png,2
ec1d3b35-43d.png,2
d51dfcf6-dac.png,2
e4255aa6-715.png,1
ffb8929f-397.png,0
d681a67d-1f7.png,0
0489245f-152.png,2
166f32ff-bb3.png,0
14227767-c5c.png,2
bdfb53d6-79d.png,0
fd3530d7-1df.png,2
968fbfb1-81b.png,1
db540901-2d5.png,0
8d00c352-441.png,0
67bbd696-5f4.png,2
dbbab067-8ce.png,2
ae0bc818-c28.png,1
84291c64-798.png,0
1e33e975-7e2.png,1
fee05915-a69.png,1
1f02f9ea-2dc.png,1
f2a97f63-661.png,1
d9e39c4a-226.png,0
1503bc92-707.png,1
e1df301e-43f.png,1
ca5d74e4-b83.png,0
62b52185-032.png,2
bc8523e9-80a.png,2
87b43a85-7d2.png,0
e27cdf9e-5d5.png,2
2dc9c274-815.png,1
891c23cb-d74.png,1
c07ce7bc-af8.png,2
8288ff5b-022.png,0
f1ec69cb-2a7.png,0
1fdf0589-1d0.png,1
2cc61cae-4e8.png,2
abe959ed-02b.png,2
3eb6da14-1d2.png,1
eb585cf5-059.png,0
bb7a728c-a45.png,1
aa921064-04a.png,0
5b0e2114-46c.png,0
b692003b-178.png,0
3dc400e5-b7c.png,1
23fed5a3-057.png,1
fbcfd87f-c34.png,0
a657a0c0-0c4.png,1
263d6f3b-57c.png,2
4c3084aa-14a.png,0
b4a04b2d-5a0.png,1
3d328ddf-7c8.png,0
1d1badbb-1ba.png,1
b5289ad0-b86.png,0
9f6ff2b2-586.png,1
cfaeca0a-3f2.png,1
b9c284c3-d0e.png,0
7d736729-c0a.png,2
4dd9a2c3-e72.png,0
d1ec67ba-0c4.png,1
9d1fae4c-847.png,0
cc6ffb5e-a18.png,1
f7f18e78-093.png,2
87f22469-b18.png,2
26c930fb-f8d.png,2
b26c31d6-8cc.png,1
ba404cb9-368.png,0
7f2d7d28-1f8.png,2
2e3c1e39-23b.png,1
27c2d360-c95.png,0
4c4c0dc9-167.png,2
633f0220-73c.png,0
6b6b3153-0b7.png,1
c8c0372e-209.png,1
570027f7-467.png,0
2a09bf26-c8c.png,1
cfa0c5c5-a9f.png,1
77750f96-644.png,0
9f9ca1b0-04d.png,2
509186a2-96b.png,2
f6fee277-74e.png,1
b6df3832-78c.png,0
447fd69d-f12.png,2
bf498418-398.png,1
0b380cc2-1cd.png,0
97f464f4-c21.png,1
63f6a3ac-3ee.png,2
3a95ed39-4db.png,0
7a699fee-085.png,0
0fefb7d1-297.png,0
65ccf7d4-21a.png,0
bd3b4369-1ab.png,2
c8466d3b-a1f.png,1
db94390a-04c.png,0
ef5d78a0-1da.png,1
18c4d92d-9fc.png,1
79cca3b5-3f2.png,1
e4773326-327.png,1
0eae8b7c-4b2.png,1
33ccdaaf-d70.png,2
e875696a-cc6.png,2
47b04006-ef7.png,1
a408ecd6-5cd.png,0
d7ac236b-a90.png,0
58dafc0a-d0c.png,0
f208aa8c-68c.png,1
b37a70a0-10d.png,0
1b6a34d6-839.png,2
6ce23301-518.png,1
b15d967e-149.png,1
645569f9-dbe.png,0
95d43821-280.png,2
b79bb6dc-f81.png,1
9638c276-003.png,2
d1f75e61-bd8.png,0
ffb13c4d-a19.png,2
3a9cfa56-e93.png,1
c357ef06-aa9.png,2
8e0a19e2-963.png,1
6e490810-22d.png,1
5355372a-0f3.png,2
a2b5d5a2-b5a.png,2
87dde559-63d.png,0
e7b207aa-67d.png,0
ef618db3-330.png,0
90188ae0-6be.png,1
23033031-c73.png,2
46e55f7a-3a6.png,0
c399e749-731.png,1
51e1ea61-f8f.png,2
3a08265b-08a.png,2
398226e8-c1b.png,1
799b0e13-ad1.png,0
f279925b-f3c.png,1
214e4693-cfb.png,1
40ff9e59-148.png,2
1046fa2c-f9e.png,1
19016c70-807.png,0
ef80a520-a06.png,1
7f8dcdcf-8d2.png,0
ea04fcaf-4c9.png,2
26ab6036-1a5.png,0
91ccb74b-71f.png,2
7ee0a70c-b4f.png,1
ee415c3c-808.png,1
bb7ef5d7-553.png,1
72f0ea17-8e8.png,1
ffb3f975-ce3.png,1
0a882df6-5fe.png,2
a2209da6-96d.png,0
3299618c-dba.png,2
8194fed7-fe3.png,2
2ae94f8c-94e.png,2
a1fb9227-f3b.png,2
3bc0c511-617.png,1
630c93b6-985.png,0
c81d6804-292.png,2
349ae334-7e1.png,2
c932aa3b-a56.png,2
a0acfe58-798.png,0
e7614afa-e34.png,2
be922506-e53.png,2
658ed84f-f91.png,0
d347d403-833.png,2
77144694-c33.png,1
956a075b-a0a.png,0
82f66f80-964.png,2
e408ea25-128.png,1
a3275af8-e71.png,1
59106600-ac6.png,2
2f7249ec-f03.png,1
a639df53-fbd.png,0
c44e786f-1e9.png,0
edc48a42-b3d.png,2
2c392b04-041.png,1
108aff1d-ba0.png,2
6e6a002f-dc2.png,1
fb876c81-603.png,2
f346dc54-a0e.png,1
3ec833e2-8ba.png,2
aadaede7-cd3.png,0
bca36f7c-18a.png,2
542d4f87-dc2.png,0
2f16cfb3-fa4.png,0
297b7521-e1d.png,2
fa517f76-114.png,2
9f14375e-fec.png,2
1affbc52-7bd.png,2
15e3f262-265.png,0
9bc51376-7d6.png,2
64fc61a6-052.png,2
c4ea543c-cff.png,0
f72fa8fd-6c3.png,0
a889a763-26d.png,2
80e6d4ec-92c.png,2
847c0398-971.png,2
27f7dd93-dd2.png,0
5951cc2f-856.png,2
97ed91c9-3cd.png,2
fdd46fc8-4bb.png,2
0d5372ba-d24.png,1
36d2b89c-a6a.png,0
3d5f7efb-345.png,1
b54d40aa-070.png,0
fcc7831f-851.png,2
4844efcb-dfa.png,1
5cee4e38-916.png,2
0ab66030-2c2.png,1
9b02775f-397.png,0
56678244-49d.png,0
651e2468-951.png,1
f9cc7c92-3d8.png,1
44f78047-3dc.png,2
d17e87e5-4f5.png,0
980a89fc-93a.png,0
3db77e88-b34.png,2
4b62911c-d24.png,2
90db460c-cac.png,1
71832ee5-22c.png,0
0b351ed2-a8b.png,1
42088e97-e44.png,1
6fa6e980-f9e.png,1
06a5e9e5-7dc.png,2
c328f612-666.png,2
8f51d2b0-77f.png,2
4b612df1-997.png,2
579d3c22-781.png,2
caa743a1-b49.png,2
3af38d28-224.png,0
74eb685f-9f5.png,2
5b9c1bd8-971.png,2
0ff04696-55c.png,1
4f6e0c92-e5c.png,1
42963ec1-440.png,1
f0b35fb4-daa.png,2
2ddb7f97-de8.png,2
78fb6c4e-5fa.png,1
9a73b689-2a7.png,0
633b54cb-f2c.png,2
d1e3f411-1c8.png,0
8970427a-f03.png,2
c1dac306-847.png,0
6fffbe8e-880.png,1
84479804-def.png,2
af4bde4f-916.png,2
d7884467-8e3.png,0
69fd4a19-561.png,0
0536f7cb-7c8.png,2
c54b7c5a-ebb.png,2
f4d2c9e0-1a7.png,2
07c55cf4-898.png,1
3da99ab9-dbc.png,2
2c9d9873-663.png,1
fc873977-244.png,1
035cf490-128.png,0
3101f873-6af.png,1
35428317-4e2.png,2
6467234a-e4a.png,2
9e10eda4-6b8.png,1
e1470afd-4d4.png,2
e5aead3e-46d.png,2
e740a2ee-b25.png,2
6204d54b-0a9.png,0
694f2604-2ad.png,0
9a87ac9d-1c9.png,2
f9d4b4dc-788.png,0
b8efb189-b33.png,1
6a075935-dc1.png,1
b942ad0e-b3b.png,2
4103b4ce-b42.png,0
3b0c8374-ba5.png,2
826f9b68-344.png,0
e418a2ea-b76.png,1
3a915f1e-a9c.png,2
0c138861-904.png,2
b3ff16f8-91b.png,2
b80e15d3-be5.png,2
81147dd1-b8d.png,0
fbf22f52-8bf.png,2
c249cde8-b26.png,2
57e1e825-952.png,1
26e5c872-044.png,2
105ee60a-f21.png,2
a6d97eea-528.png,2
9b3fd6c4-702.png,2
7381cfbb-cc8.png,2
0e8943e5-09e.png,2
ad2a1d2c-a3f.png,2
415c2681-d9f.png,2
01c73696-eba.png,1
c9cf16ca-6a2.png,0
e3c393a1-665.png,2
27add468-c15.png,0
c95e7ad1-546.png,2
dfc29130-94a.png,0
2f65bade-9a4.png,2
34fd9e8c-966.png,0
fe486eb8-5aa.png,0
fb19a99e-a27.png,0
2a4b5165-971.png,2
a4c8864d-988.png,2
920bcaf2-0ea.png,0
4f6cf627-051.png,0
4516824b-6a3.png,2
52ef4246-430.png,1
a85d8eb9-061.png,2
dbc7dc36-031.png,0
84980fe2-2ff.png,1
024a4e94-d8d.png,1
189fad92-e12.png,1
bd7cc690-c04.png,2
070d9b66-85e.png,0
51e3813c-ae4.png,1
76cc32af-ece.png,0
3b14fd5a-52d.png,0
ca920ddb-a29.png,2
c5fd6e62-164.png,1
44b3cb04-274.png,2
7a192364-cd0.png,1
328844d9-c38.png,2
9b6f61a6-e83.png,0
e3056473-99a.png,2
4c14c225-513.png,1
3cd0b27f-514.png,2
67685513-da0.png,0
703ef65e-d6e.png,1
521a338e-990.png,2
5b6fcb6d-8b7.png,1
9d666e59-4d8.png,2
091810b6-688.png,2
5a1883dc-a87.png,0
2d3edffc-555.png,2
0a376ddc-253.png,2
c71ab518-380.png,1
5bbaf5e3-25a.png,2
d9a10a88-d6c.png,2
b305eb05-7d5.png,2
0b794ec0-675.png,1
dec03e99-996.png,1
d040d459-195.png,0
21d5d74f-69a.png,0
395210a4-375.png,2
e6a9fce6-a7f.png,0
6c3b4c97-587.png,2
52e562c5-888.png,0
37d61a4a-7b7.png,2
5acd81e3-ede.png,2
f00583cc-9c8.png,2
7c27bf66-d94.png,1
db10d6ed-02b.png,2
b4b808d9-1cc.png,2
c9eba11b-55b.png,2
e51ac913-251.png,1
73c1741b-ff2.png,1
53c49211-e43.png,2
4080e2f1-349.png,1
69c17b97-ed0.png,2
f74bcf32-1ae.png,0
6a91869a-fb3.png,1
e1a0839c-c4d.png,0
75f4341b-2c9.png,1
6a7b25f8-336.png,0
f01ee634-192.png,1
b5fc81a7-c1c.png,0
5340a137-65f.png,2
c3c4b070-1c0.png,2
e1b97b3f-e16.png,1
58126d74-6a1.png,1
0cb55aae-fe8.png,1
14d6320c-f48.png,2
d66a4f62-780.png,1
4d86e2e8-f90.png,0
fa11160c-e28.png,2
739a1631-893.png,1
a82ff165-960.png,0
1e19f1ff-1b6.png,2
28728232-102.png,0
c4273a4b-24c.png,0
3ab399cb-49a.png,2
7f27c597-65c.png,1
b9b44146-980.png,2
7f3ca975-14b.png,2
e087d59a-69e.png,1
742829ca-9b2.png,0
a24ba571-a66.png,2
c9dc126c-2c2.png,0
3f3a26f7-a20.png,2
78586491-840.png,1
60216153-bdb.png,2
e68c0e30-b6d.png,2
1bc36263-bc9.png,1
3d1f72f4-8c7.png,2
760392c7-2df.png,1
d7d50275-8d8.png,2
9d161bf6-9f6.png,0
187f2fbd-d7f.png,0
09433af7-c40.png,2
a48cc992-323.png,2
b106162e-57b.png,1
a8107fdf-5ef.png,0
6f8ae639-ec9.png,1
5ae5f8cd-ad7.png,0
5136796c-a01.png,2
130a44fe-97c.png,2
a5560642-fd6.png,2
812a1d6f-11e.png,2
e0227343-1e1.png,2
b864fa35-c8c.png,0
61aa5fb0-d5a.png,2
53d49d9c-5a2.png,2
d04b7f2b-c2b.png,1
b4281001-c94.png,0
87f750e2-689.png,1
48eabd6a-d95.png,2
e7c934b7-d0f.png,1
173dff2b-177.png,0
642d7293-72b.png,1
51f69e61-e91.png,2
b2e33a62-dbd.png,1
d4328f52-2fe.png,2
56d91fb6-fc5.png,0
4e4ee9dd-89d.png,2
50852920-865.png,2
5c8f440e-c59.png,0
022bc4ed-a94.png,2
81bd12cf-e61.png,2
63c8eed9-9f2.png,2
03a2eb5d-b29.png,0
26d7bc6b-28f.png,2
3247e983-d24.png,2
ec58d144-506.png,0
1390aeba-f60.png,0
2b760880-30b.png,2
16253eb0-685.png,0
86080908-260.png,1
1bb0eb80-6ca.png,2
0d8682f4-87b.png,1
e7ad4c82-fa1.png,2
6a81b39d-8eb.png,2
34713545-46e.png,0
1f885eae-2d0.png,0
fce5af62-e6a.png,1
74d7dfab-efc.png,0
70f74ded-afd.png,2
b8a23f85-05b.png,0
673bd5b6-f46.png,2
b639a49f-306.png,1
7ae31300-e59.png,0
8304829a-b44.png,2
47517d3c-0f3.png,0
e5299ea0-6fc.png,2
8268b96b-e35.png,2
813577db-a50.png,0
42dc3493-b70.png,0
d4a9955d-d9b.png,0
d1f6b197-df1.png,1
4a7d9466-fe9.png,1
d5d16235-f85.png,1
f5acaae4-8ed.png,2
093b876d-35b.png,2
7c9f5001-6d6.png,0
b8a4bce3-f25.png,2
e8750017-de3.png,0
53cff02c-410.png,1
71c36438-9f0.png,2
86adb68e-e83.png,0
d2c78196-0d5.png,1
65a4e6d9-c62.png,0
7e8cebd9-e9e.png,0
57617d2e-316.png,2
3ff89764-449.png,2
e92f486f-cb9.png,0
16be404a-69b.png,1
406f6939-2d5.png,1
c6f054f3-690.png,2
3af122a4-460.png,0
bc667812-8d1.png,0
dc6ed4e5-82b.png,2
96dcc329-dc5.png,0
2adaafe7-d57.png,2
eb17b8f9-67a.png,2
c127b307-201.png,2
41b1d63e-bf9.png,1
c163a874-6b8.png,1
db5d1fa4-41a.png,0
18e15641-2de.png,1
5b5c9a38-bbb.png,0
3782e540-0d4.png,2
f0f5c276-7e5.png,0
44781c84-72b.png,1
98a5fd18-216.png,2
96a46192-9bb.png,1
53ed4c6c-8ee.png,2
7a849719-cc9.png,0
4aab3cc0-cbd.png,0
29d66d88-460.png,2
dd029040-fab.png,1
7646069f-dc5.png,2
ff16e1a4-596.png,2
3b35114d-f64.png,2
a91ddda8-eeb.png,2
a6eca909-8a9.png,1
503ed878-463.png,2
09aa805c-55c.png,0
b5a2408f-f61.png,1
1cbe059f-d8b.png,0
50ec7b79-561.png,2
992cff34-7f3.png,1
cb3c0674-67e.png,1
da585015-f55.png,0
6cdc2d6d-12b.png,2
b10bfa4a-59d.png,0
5b99601f-532.png,0
ca4013b7-6b8.png,0
7bddc9ec-616.png,0
4507dd47-b98.png,2
9f15f849-e23.png,0
abe35cec-af8.png,0
88127c2f-fd9.png,0
387d6d73-8a5.png,0
4f70efff-f80.png,0
2df7dbf3-4fc.png,2
273024e2-8b3.png,1
361e0bca-d91.png,2
126c4af0-beb.png,2
7df38912-f3c.png,1
bc9daba4-c70.png,2
dc8bfd1f-ac7.png,0
0692030d-27b.png,1
84992a6d-ff6.png,2
bc45a008-172.png,0
2a043230-e9f.png,1
476724ab-923.png,0
5c18ba80-9cb.png,0
11a177f1-bac.png,0
08052f53-012.png,1
ad7263aa-45a.png,1
d65159fe-146.png,0
f7a0a907-618.png,0
2dd8ee55-fb6.png,0
83040d79-ad3.png,1
06f1894b-076.png,2
e8c91d6f-249.png,2
7793e87f-2a6.png,0
ae94e53f-5b5.png,0
541c9148-574.png,1
f72b1bf8-790.png,1
4e9f80a2-90a.png,0
8b7f3da2-b25.png,2
af35c8fa-a9b.png,0
94c34fd5-79c.png,1
0475b48f-cc3.png,2
38b153ed-b91.png,1
55754014-313.png,2
ad6cbb7d-8e5.png,0
1ac01fe9-948.png,2
accaee31-a76.png,1
5140c129-042.png,1
253802c2-7a7.png,2
8f96c09c-781.png,0
2d1c4422-78c.png,2
7f16d2d3-637.png,1
efcd0d2a-20c.png,1
7ce3e001-4c6.png,0
7d52eefe-aaf.png,2
e678588c-87f.png,0
1dc47bae-5cd.png,2
3573964b-79c.png,2
dc7bfd36-c9b.png,0
a56b574c-e62.png,0
1aec0f40-319.png,2
c3352339-ba1.png,2
c0fdb1bf-872.png,2
6aae33bb-5e4.png,0
0b853398-69c.png,0
b8cc9586-fa0.png,0
c503850a-0e7.png,0
bccba535-a89.png,1
39a88bf7-eff.png,0
0e73fbde-f8e.png,2
eb176cec-7ab.png,2
ee6bfcfc-c6e.png,0
63882aaa-587.png,2
dd47b359-11c.png,2
1c24728d-abe.png,0
454ae5e5-e8a.png,0
2897c9e6-534.png,2
ef4d497f-047.png,2
cea15db5-555.png,1
3ebc9c31-fb4.png,1
634adb62-65e.png,1
268e49e6-972.png,2
7b3723e4-c9e.png,2
a4176208-b03.png,2
6f3f2d5c-1a2.png,0
d9b0a22e-47d.png,0
0c0fb7e3-2d7.png,2
90de38f9-2da.png,1
8a9f948e-36d.png,0
531f0b71-519.png,2
382206fb-cfe.png,2
7e4e8524-497.png,2
d025f03e-18c.png,2
eb881a05-840.png,0
b51ea3fb-1ef.png,1
cf5c15d6-55d.png,2
91b0fe36-754.png,1
e643ce36-424.png,2
7cd92761-9cf.png,1
5d1f9865-5c6.png,2
c49aea82-ec9.png,2
cdb52779-08d.png,1
c4260262-63c.png,1
230271fd-7f6.png,2
706745d0-77a.png,2
f6e793dd-9df.png,2
5adaffdf-316.png,0
517411fa-7ad.png,1
9b349068-978.png,1
25664e8d-fce.png,0
0cc0fbb9-80e.png,2
2f1c7246-9ac.png,2
6f043c78-29c.png,1
50475197-1af.png,1
f47bc4e3-72b.png,0
3986f080-2f0.png,0
afd0d271-782.png,1
004bd484-04b.png,1
476296af-ad9.png,0
f37fa946-3f1.png,0
83586c64-ed5.png,2
07c058a2-ef7.png,0
f1efb2d4-b44.png,1
72b1eaca-c71.png,0
dd8f57a0-8e6.png,1
55ee2380-e63.png,2
a41467df-1c1.png,0
fcba8037-99f.png,0
ef16dc18-d41.png,1
dfe20368-120.png,0
0eadd4d7-f7a.png,1
d10130bb-d1d.png,2
8555c09b-423.png,1
6d7abfc4-f94.png,0
50a79541-24d.png,2
8fe4f1f6-909.png,2
7903ea02-60c.png,2
0e36fa4c-be5.png,2
602f0c62-7f0.png,2
aecb3200-0a2.png,2
143b2351-702.png,1
4d8cda79-bb6.png,2
78f09ff7-a71.png,0
d0e423ec-414.png,1
af75770b-3a4.png,2
6c4537ed-1ce.png,0
72328f07-f25.png,1
316bdbb3-8e1.png,2
66b41faf-07e.png,2
ad1b1b65-00b.png,2
39e70f68-56e.png,0
9e32eea7-d58.png,1
0b6491ab-077.png,1
255feffa-607.png,1
3b6e590d-a2b.png,2
b4414429-3ba.png,0
ea99be3c-04a.png,0
367f8b4d-d14.png,2
2fa8a3ef-6ca.png,1
5c23bdb1-f19.png,0
aff4cb34-792.png,0
7eca3bc4-b77.png,2
71c635af-82f.png,0
1a3d9f39-de5.png,0
462ffdd9-cc7.png,0
626f4c3f-2d0.png,0
aa69e3f2-d79.png,0
2900bff0-1dc.png,1
8fc03e9c-969.png,0
aa8e080f-ce6.png,0
40683e28-48b.png,2
969ccd5d-7f1.png,0
56d644bd-dde.png,0
cb01922d-2dc.png,2
94220266-85f.png,1
f3181b96-cba.png,1
8964786b-726.png,1
7e540a82-bad.png,2
f6d32ace-05b.png,0
996451da-26b.png,1
bd668d76-760.png,1
9da60253-365.png,1
b9e84882-259.png,1
59c1c2fd-5da.png,2
24838ab5-6eb.png,0
45fd45e5-1ae.png,0
9e19822b-b2e.png,2
d56194f1-5b7.png,2
de727952-870.png,1
e0447cea-60c.png,2
e9ddd449-b1c.png,1
5a35704c-32f.png,1
19cc599f-f01.png,1
63cc19fa-8db.png,1
a53b31d9-1b0.png,1
ac14888f-65e.png,0
2b4aa5ec-080.png,0
4645568c-d56.png,1
49936a0d-3f3.png,2
303286df-c01.png,1
cf628f7c-2f1.png,2
ca455d55-19d.png,1
859333d6-b65.png,0
56b49b48-9e6.png,2
05b486da-1ac.png,1
69222f4a-2b3.png,0
fe2b8fa8-937.png,2
be3ce1ec-9dd.png,2
00cc3af8-132.png,0
33652eca-745.png,2
52d1c39a-39c.png,0
da205cac-26b.png,0
0d8bfa18-f03.png,1
047987a0-e44.png,2
86532d2a-fe6.png,2
57967f92-2be.png,2
6a4bde07-5b8.png,2
a2afdab7-69d.png,1
d507022b-26f.png,1
e2ece163-a69.png,1
d141afe4-079.png,2
8983769c-c0b.png,2
86a3ef73-656.png,2
c320e7ac-434.png,2
a1ff3cf4-6e2.png,2
ed2309d8-275.png,0
8ee13179-a2f.png,1
c1c32d8f-d01.png,1
5355473d-e70.png,0
f2e61ba8-832.png,0
bc68c64e-6e8.png,1
38e8deb2-979.png,0
bfcd9873-966.png,2
ffe03dab-d83.png,1
f71c2a64-99d.png,2
ae29b22c-63a.png,2
7bcecb79-3c5.png,2
67e92fa3-b11.png,2
970a61b2-24c.png,1
1ae36c5e-7aa.png,2
615c2190-747.png,0
77505cac-0eb.png,2
804eab48-38a.png,0
a5b28103-07f.png,0
dffdc7f3-766.png,0
a2dd881d-15d.png,1
c4d8239a-413.png,2
d43f8df1-078.png,1
2cbe96f1-f65.png,0
2047b375-9cb.png,2
dbc84825-c8f.png,2
adde519a-3fd.png,2
41c69bff-97f.png,2
d014fda4-856.png,2
a2e18a41-625.png,1
1493b2c8-949.png,2
7a87d72a-b9f.png,2
4e910df9-0f3.png,2
f2eade98-cb8.png,0
f91cc1fa-eab.png,2
08efe393-d31.png,1
8fffe0b3-bb9.png,0
6e4e311d-993.png,2
6a6f8798-958.png,0
954f9fe7-eff.png,1
dc58ac25-1f5.png,2
d30c612b-bc0.png,1
aba574ec-bca.png,2
90c55dd6-43a.png,1
5618e414-959.png,2
61d8f023-e6d.png,0
382efd7b-002.png,2
ff27f220-b49.png,0
184148d1-c20.png,1
2ec4dd0f-52e.png,2
8bc37e8a-dd2.png,1
48acadd6-489.png,2
12ed6e3e-d08.png,0
24db4716-788.png,0
d0d3b334-3a3.png,0
5ced8680-312.png,1
9e6fa9ad-28e.png,1
8848f73f-627.png,1
410b8bcb-933.png,1
bee29a3f-b7e.png,0
1ee2c738-aba.png,0
0291c813-d1f.png,0
d0c3d71a-301.png,1
a697463f-fab.png,0
373fbe97-a32.png,2
e7b80c61-731.png,0
328e36a5-3c4.png,2
df687bc9-782.png,0
f5bf8967-040.png,2
c34d5a74-a5f.png,2
973bf8f7-e2e.png,1
3a6f929e-4f3.png,0
08a81aaa-6ce.png,1
eb7c68ab-ea3.png,0
6bb60065-e55.png,0
9564565d-8b3.png,2
ae036101-5d9.png,2
53ba8c75-395.png,2
7a364938-83e.png,1
ec64614f-ba7.png,2
4b90188c-d84.png,2
afd6698a-8cc.png,1
98b5b838-94e.png,0
a467dee9-98c.png,0
7ae90eea-357.png,0
f93978b6-fdc.png,0
875dcce4-8a9.png,2
3591bdc0-1b8.png,1
e3288f47-ecf.png,1
c418f5e0-12f.png,1
7cd9b65c-82b.png,2
110780fb-acb.png,2
652d533b-0e3.png,0
d3aac2ae-122.png,1
c1fbb730-7fd.png,1
2f5b87d6-880.png,2
c521fcf2-35d.png,2
ed186f70-75f.png,1
a5a5d15f-7d5.png,0
3144c1e6-d53.png,0
3644d0e8-569.png,1
42e68122-292.png,0
8064a4dc-902.png,0
fbb81035-d41.png,0
e06e17f4-12e.png,0
8275873c-6d6.png,1
f8b581b5-3d7.png,2
1c666fa2-21c.png,0
ff6c33ec-aad.png,2
4ec7ea84-2ba.png,0
a4630d14-660.png,2
afb9aee9-16f.png,1
9656a59c-16a.png,2
96c5d145-b73.png,2
40eca79c-48e.png,1
4ff12322-5bb.png,0
440df557-b89.png,0
ceb72894-d41.png,2
8325f07d-ec0.png,0
f7e8fd72-230.png,0
ba9c60a5-a62.png,0
f305b1b5-8f9.png,2
6f9a5219-ac7.png,2
83639d2a-e55.png,0
d5929956-6c0.png,1
76f85322-bcd.png,2
6e3416f5-1de.png,0
01bfbd89-6f3.png,0
d7047fa3-76c.png,2
d5d6e828-0db.png,1
a73308f3-3c8.png,1
6779a171-355.png,2
2a11d94b-d25.png,0
6d25e420-ea5.png,2
ec8a5d4c-024.png,2
7022e99e-0ad.png,0
f76130ec-fc5.png,2
3e46c0d3-e20.png,0
d0bb21e3-b4d.png,1
a0a37933-92d.png,1
f098e173-c2e.png,2
99af4eb8-095.png,2
4f8997f7-490.png,0
e4713b12-867.png,0
0a9cc42a-de2.png,2
e2f486f5-472.png,1
7e15d114-3ca.png,2
3a5a9967-92e.png,2
cc831dc3-ba2.png,2
5c3660dd-9fb.png,2
875228fb-fe5.png,1
892667bf-c26.png,1
42043b52-694.png,0
44ca1732-b3e.png,0
7dffbc71-9c5.png,0
ce18ff69-e72.png,0
e1dbd2c7-183.png,1
7171678e-fdb.png,0
b177ccdc-f76.png,1
b6730624-48f.png,0
56ac0985-03b.png,0
d472b430-7ba.png,0
9ad3323d-efc.png,1
da862b98-d71.png,1
f61e831e-438.png,2
7d34c615-d9c.png,2
89b6cb23-2c3.png,2
239fe705-ceb.png,1
e10bfa30-b39.png,0
159e999c-ec1.png,2
67c06b09-0d8.png,0
22ddee9b-263.png,1
48ab5fe1-caf.png,1
b26475e3-ad4.png,2
413cdd8a-287.png,2
10f38b1b-12b.png,2
c6bb7266-4f4.png,2
8d026129-780.png,0
18d6af5c-641.png,2
07399e6b-76d.png,2
88f49e6a-a6d.png,2
d4804306-ab6.png,1
70e488a2-ace.png,2
6bb9ecae-4bd.png,0
cfd8589c-bbb.png,2
bb592a2c-7b8.png,1
763798c6-73f.png,2
d08c50e6-041.png,1
6c663929-b7c.png,2
ca189de4-134.png,1
c6c18f57-563.png,0
94362211-344.png,2
09efb664-b94.png,1
59a9591d-cc1.png,0
015ffab2-e05.png,2
a73e0df2-50b.png,1
4e38b0ff-99e.png,2
b22f8336-12b.png,2
6b435762-d65.png,0
e4855a53-93d.png,2
cda38535-753.png,2
ec88ee9e-532.png,2
ea95c51a-c10.png,0
df3749ff-e53.png,0
827d30d7-fa7.png,2
1c5d7bf6-6f1.png,0
e0c060ca-872.png,0
17f0b4b3-569.png,2
99748d62-508.png,1
9795501d-eb8.png,0
f01b3f95-4c0.png,2
c99bd306-6bc.png,2
37359708-f4f.png,1
9094c14c-bb5.png,0
f6f3c792-4db.png,2
2e574a81-5d8.png,2
97b2e3d9-794.png,2
59250cbc-cb3.png,1
23033ccb-b2d.png,1
3c7bb605-75b.png,2
ff520bc1-23f.png,0
63bd54c9-ecf.png,0
5acb65be-b5d.png,2
136cacd7-d98.png,2
19dd6164-d54.png,0
44ec771d-34e.png,0
378c741b-78e.png,0
24642ea3-794.png,0
f948d06d-8d5.png,2
217621a2-58a.png,2
ef455f6d-ffd.png,2
7e61040b-9c5.png,2
86b9a746-3cd.png,0
a11cd94c-8e2.png,1
8e61e6c2-0dd.png,1
e2181d99-482.png,2
a33a1952-ebe.png,1
04a19b72-cb8.png,2
9b2f99e0-45c.png,1
671ddb31-a26.png,2
4c467703-526.png,1
e0829525-17f.png,2
3040a7bd-7fc.png,0
2985b0d3-c00.png,2
26b0484a-311.png,2
2e2e46c2-af2.png,1
dd33413e-e79.png,2
13d78b64-96d.png,2
e2a956fa-bb4.png,0
fb428acf-e70.png,1
ca967ada-5ec.png,0
51ef0102-c3e.png,0
3a226208-81c.png,2
78c147a7-b02.png,0
b3e9d0a3-0af.png,1
ffc4a431-177.png,0
f5e11cbd-79c.png,0
0dc40d8b-67c.png,0
57c34087-ba8.png,2
7ba46a93-64a.png,0
be5b7050-4d2.png,0
a284e7a5-2c9.png,1
a9843202-d85.png,1
25bb08ae-900.png,0
33bd415a-48d.png,1
5b396ed1-755.png,2
7ac1fee2-215.png,2
b0f69055-744.png,2
e55ec450-371.png,2
0f0a363c-394.png,2
fb35b871-3db.png,1
33b554d1-3d2.png,2
3f663bf3-fe6.png,0
2ca73e76-cb9.png,1
84396cbe-348.png,1
4340063b-3dc.png,2
80571ceb-e86.png,1
5dddfadb-3a4.png,2
4e3c2567-8bd.png,2
c9608ba5-97d.png,2
6da66daf-b14.png,2
20841d52-0c0.png,0
ea45eae1-dc4.png,0
b5b93aa1-52d.png,1
434dba0f-9e2.png,2
2aff3785-0a6.png,1
019f37be-715.png,1
baa50fa2-c8a.png,1
84dc2ee4-8e6.png,1
972b5b93-cd6.png,1
41621b3c-d99.png,2
004224a0-9a1.png,0
46b29fa2-4c3.png,0
a1913e6f-eb7.png,1
7c2cb10a-fc5.png,0
19483ee3-024.png,1
3d7454d3-b59.png,1
0c53ca62-4b7.png,0
649f399e-8f6.png,2
7c9f3f20-10b.png,2
c61a167d-997.png,1
a8706d49-51d.png,2
11132419-a10.png,2
c9db9090-e17.png,0
2cffff55-000.png,2
280214c4-afa.png,1
d6b42b78-9d1.png,2
5803eef4-408.png,0
a35ed671-401.png,0
a066adab-cdc.png,0
87b2fa8f-e61.png,0
e8950717-af7.png,0
1e942236-7ab.png,2
0d4ea495-0b6.png,0
a1892dc0-752.png,2
ef645595-7ce.png,0
bd16baed-c56.png,2
4f264924-b84.png,2
efdb084e-67e.png,0
50ef8c8b-8ea.png,1
e0281b8b-1a7.png,0
fb9e4541-0a7.png,2
0d92bde7-8c2.png,2
f7deb095-72f.png,0
cf79b001-556.png,2
e1c40bf6-cb8.png,0
12c6579c-449.png,2
3226b118-d75.png,1
47f65087-786.png,0
fe778d17-665.png,1
e82e5813-4c1.png,1
a1295b9f-9b5.png,0
d661a4e3-e71.png,1
441cc344-fd5.png,2
9ecc3f8a-3e2.png,2
e59a4a74-cec.png,1
84230a71-b4b.png,1
900433a1-a6a.png,1
4d126865-220.png,2
4899b6aa-ebd.png,2
f74d3710-871.png,1
4cad2db6-bd7.png,1
b2a9282c-1e1.png,2
3c491d91-2dd.png,1
a9b3958b-e3c.png,0
feab1802-83d.png,2
31aec032-ca0.png,1
933d448e-435.png,0
29437529-66e.png,0
f0206a61-a74.png,1
9c5ba1e9-bce.png,0
feaed6e0-f7d.png,0
a33c99b3-188.png,2
ea345342-3ca.png,2
9edfffd4-086.png,1
18b34505-445.png,2
da8f6877-f4f.png,2
7eff3b5d-0c7.png,2
c8111322-c10.png,1
57e91d5c-1dc.png,2
60345adc-002.png,2
1c6612d1-88e.png,2
da35a7fe-09e.png,2
ff129dcd-a3e.png,2
df65cfb4-7c9.png,2
561354e0-353.png,2
048af258-70f.png,0
74b30811-a66.png,2
48784c8a-466.png,2
e254865a-0a7.png,2
19b6880f-d17.png,1
47c56261-958.png,2
8b7eaf20-e32.png,0
3caabcc1-021.png,2
e0037bd7-dff.png,2
0322812d-1ac.png,2
bd7116f0-ad5.png,2
b01c6d67-af3.png,0
8a7315d4-0c4.png,0
fd129826-028.png,1
8e4f4563-c39.png,2
92022bbe-7cb.png,2
ebbfeab2-e29.png,1
e54d78e2-70d.png,1
1d23da51-5fb.png,2
8aeed627-d02.png,0
d4055fa9-ad6.png,1
1acdc5a2-ad8.png,2
fa30e0ea-7d8.png,2
22615578-1f0.png,2
aac32af9-9d5.png,0
d6eab21b-d3b.png,2
86603de8-42a.png,0
95156043-531.png,0
c7288c80-2c5.png,1
c1dcedad-2c7.png,2
646e108b-575.png,1
90685429-a9e.png,2
0fec358c-833.png,2
698520b8-1f5.png,1
8c651b93-8e7.png,1
1320cafe-9bf.png,2
af7bbfaf-ce7.png,2
2ef0655b-5ab.png,2
e5a8aeee-ed4.png,2
cbd9d8a4-312.png,1
e4c7d33d-02b.png,0
acfc10e0-024.png,1
2f1e6abe-df6.png,2
b0bea4e0-c03.png,2
7679b955-85c.png,2
eacc1cbb-e4c.png,0
32cacddb-518.png,2
00bc22f9-725.png,2
a635315e-f13.png,0
2e8d99fe-c2c.png,2
7781225d-148.png,2
d3df5b62-0ae.png,0
6373ac9f-907.png,1
bcd461bd-913.png,0
12587444-cc7.png,0
5f28eb32-3ba.png,2
578f7729-e1d.png,0
afd586e3-14a.png,2
21bf8872-16b.png,2
9735eb8a-6ab.png,2
3dc83f7f-df7.png,1
848cf7be-908.png,1
b148487a-735.png,2
712e9fa5-230.png,0
9a17088b-793.png,2
3732fc68-6d5.png,0
294a2f34-e72.png,0
661e3335-288.png,1
d302582f-a70.png,1
12f0ae64-398.png,1
1e446cf5-a91.png,1
3e54bf43-68c.png,0
6eb8e1f5-52c.png,2
539b6cc2-21b.png,0
8a29e1aa-0b7.png,0
74245480-b71.png,2
05aa799c-e16.png,2
84bb1835-91f.png,0
fb661e0f-357.png,0
faa30b47-8a0.png,0
8abaa8ce-28a.png,2
fadfb530-47f.png,0
e0ca2b31-380.png,2
c2244651-78b.png,0
80bf45a0-b22.png,2
45ec6975-f72.png,2
a2ece46c-81c.png,0
9810dcdd-995.png,2
eeb2fae3-94d.png,1
7934331b-2c8.png,2
426e7a6e-7f2.png,0
0709c4fc-966.png,0
b1e61657-557.png,2
dfb77987-e76.png,2
8b0033e8-88a.png,2
579c4b39-e08.png,0
8b374644-17e.png,2
5bb9a19a-5b3.png,2
a685bea8-3f5.png,2
d9374062-be6.png,0
4d0384a0-846.png,2
e6c6a78b-ca8.png,2
6fd9942e-e03.png,1
80ca0d83-736.png,2
43db3dca-e8b.png,2
a7610418-7e5.png,2
76a750e8-c4c.png,0
14137553-4af.png,1
a3c64b13-f15.png,1
90e37951-74d.png,2
aebefdec-36a.png,1
82346c3c-ff5.png,2
9d3b65f5-a15.png,2
55b73caa-be8.png,1
b4f54ee2-379.png,0
ab4bccb6-b6f.png,1
837bd9be-02c.png,0
413f48ad-b36.png,2
aa5767fe-8ee.png,2
b5d0c7a0-9fc.png,2
ae4391b9-bf1.png,0
bbd399dd-99d.png,0
4a603e2a-9b3.png,2
495a69b6-57a.png,2
d8b13e6f-c6f.png,1
598f5e65-102.png,2
eae6d7a8-411.png,2
278e9d6f-613.png,2
d2cc192f-4cd.png,2
bcb78579-a51.png,2
103328e7-fb7.png,1
c5de342f-d63.png,2
e31ea4ab-da8.png,2
64753a21-0f9.png,2
163b4f45-3d5.png,2
fe8a8101-a7b.png,0
71ec56d6-81b.png,0
ba2d27bf-33d.png,0
1ccffbb7-3b5.png,2
fec8932d-194.png,2
6b47d1b3-438.png,2
fb4fb4ec-313.png,0
3467a4b8-19f.png,2
13e02a67-dec.png,1
de8ae5d4-103.png,0
ce139972-67d.png,0
3391debf-938.png,0
f045e181-eef.png,0
016799fc-e8d.png,2
ad361bb5-0f3.png,2
3e2add1d-0db.png,1
3f21a31f-056.png,2
40a0982d-c77.png,1
1d8cfd04-fa2.png,2
98af7c79-324.png,2
b4f851cf-9f0.png,2
7811eb7b-43e.png,1
6d736f2c-ee6.png,0
0238e75e-2f2.png,0
5af15d14-6fd.png,1
9c607a37-a0e.png,0
76f4dc29-b08.png,2
6cb621af-d5b.png,1
690321ea-ba4.png,0
b35c72ff-a8c.png,2
0198913a-799.png,2
6f8353ba-71d.png,0
1604f7c5-9d5.png,1
03eb4742-502.png,0
d96bcda9-2a9.png,2
7b7f1e5f-3d8.png,2
92381ff3-ab9.png,2
554a15db-2c3.png,2
1c21b64d-940.png,2
15d9c767-e89.png,1
9c76fde5-395.png,2
6521d82d-96c.png,0
f78d7e0a-0b9.png,1
d59afd3c-508.png,0
83e2a6a6-fc2.png,2
64d68a3c-043.png,2
01a97562-e0e.png,2
2b2fae21-bf4.png,1
db1102e7-18e.png,2
8f77d658-627.png,1
4a03ce28-f84.png,0
e791fe1d-8ad.png,2
83138b69-290.png,1
3af09231-74e.png,2
6513e853-2ed.png,2
c5fa560f-c45.png,2
3847b3e8-40d.png,0
2c63bb95-d97.png,0
fe46e5d8-a28.png,0
a7f226f0-2fd.png,2
c0adf429-faf.png,2
0eec947e-b3d.png,2
51862e41-96d.png,2
af50c06e-b24.png,0
6d7fce96-d76.png,0
d2c806b2-1d8.png,0
70972829-8eb.png,1
fee0cc2a-780.png,2
38498341-221.png,0
aca16712-a21.png,1
e19fe34d-8db.png,2
371787c9-f95.png,1
dccd4d99-c6f.png,1
5b08889e-c9a.png,2
e1ef5830-e0e.png,2
014b9bc9-771.png,0
e82ea4a0-f2d.png,1
5b52426a-b6b.png,1
3a1e35e1-8f3.png,0
eda67415-6f4.png,1
2c176983-0ba.png,2
128d16bb-418.png,2
7e3c73f8-55f.png,0
8194a1e0-d5c.png,1
a1f91d19-31a.png,1
6ef0e33e-aad.png,2
30ebabb3-f74.png,2
4ec86744-5eb.png,0
43017fa2-68d.png,2
01fc0813-ce6.png,0
db1d8c00-11c.png,1
1c30b585-7cc.png,1
a2b64720-287.png,0
1068d3f9-cd8.png,2
8c673699-fab.png,2
7a752198-22c.png,2
7d53fef1-b67.png,2
a34d2e6d-5c4.png,1
fdf6443b-aad.png,2
f29c4778-b5a.png,0
d6a0794d-d49.png,2
e9f7d571-f2a.png,1
13d02754-af5.png,2
b346b550-adc.png,1
7e736da2-025.png,2
07960c34-785.png,0
6262a17b-cdc.png,2
e6acccdd-af5.png,2
bf421b65-933.png,2
ef3a1deb-2b1.png,1
da42597d-080.png,0
527d436b-f86.png,1
9e91af01-b9a.png,0
9bc37b55-ec6.png,0
8dfd16ec-065.png,1
88bdbe2f-cb2.png,2
7711ca0c-618.png,2
0d02f82b-a0f.png,0
0fb0cc61-b60.png,0
cf80a6ce-55d.png,0
3b7d4bb5-863.png,2
4f742745-7a5.png,2
5d22c260-8d6.png,2
f14b1021-b92.png,1
6a786a9b-085.png,0
a6a6ba8f-bc2.png,0
455f4ab0-161.png,1
212e1a97-d6d.png,2
59d67e8f-283.png,2
f55edf26-f70.png,0
bb91bec4-9d7.png,2
d9008158-9b2.png,0
d9485030-6ef.png,0
ca77013c-d61.png,0
eb947aad-e9b.png,2
83357a6a-81e.png,2
50b8c4a5-968.png,0
b2dda515-cbc.png,1
a66a4bac-c16.png,2
1c5fcabb-d1a.png,2
113f0073-00d.png,2
08a3296a-b54.png,1
593ff6ad-e34.png,0
29a95e32-3cd.png,0
690247b5-948.png,0
77c955aa-3e7.png,2
dafad9a1-ad0.png,2
6086d5f5-cb9.png,2
464add32-065.png,0
6196052a-6fc.png,2
33c32e63-cd5.png,0
82556c15-3f2.png,1
32bb2967-130.png,0
003087e9-221.png,1
5d898b3a-922.png,2
42fb13e5-d65.png,1
3c860ec8-abb.png,2
cc91dd96-b25.png,0
ac675ede-ab1.png,2
52b65d3b-752.png,1
ceb08e8e-1a6.png,1
7f0da494-78a.png,0
9b06134a-9d3.png,0
ad2c9bb2-d7d.png,1
66a3f4ad-282.png,0
cbf99fc4-769.png,1
fce2c750-b1b.png,2
6adefcdb-b82.png,2
780932fc-357.png,1
0a1bb587-ab8.png,0
f2d50232-921.png,1
ee7b1bbb-7c8.png,0
11ff1202-639.png,0
2d4e1375-b5c.png,0
069ffee3-48c.png,1
60df2676-8ef.png,0
1b97fc69-049.png,2
96ae8849-be1.png,0
e1008377-1c9.png,0
2c807db9-7af.png,2
82abc313-bb4.png,1
e2aa158e-c6c.png,2
1256573d-574.png,0
bf7f44da-bb6.png,2
d5c92cdb-564.png,1
e614c526-c72.png,2
27252f76-97e.png,2
f1034831-c82.png,0
7825d29d-6f9.png,1
5ec0a2f0-35a.png,1
0241594c-59e.png,1
84396a78-572.png,1
e8d6fd28-ba4.png,2
59b9d958-b35.png,1
5e42fa48-62a.png,0
c8ebe473-c7f.png,2
b4173f1a-013.png,0
2b05ec32-1fa.png,2
65a1d138-70b.png,2
e280109e-c74.png,2
b0b80859-b3c.png,0
f5187af8-21d.png,2
1f7be081-e35.png,1
947ccbba-9a6.png,2
defb460a-0ed.png,0
c6db127b-714.png,2
95382128-e97.png,2
78f7a680-279.png,2
32d73adb-04c.png,1
a08a4b3f-d33.png,1
e4c2efc6-677.png,2
6b03dff1-8e2.png,1
80b73d5a-4d5.png,2
fc9ea656-f89.png,0
d5de84db-ec2.png,2
2f9341cb-15e.png,1
b23bc229-14e.png,2
fa420841-363.png,2
861dd1dd-6ea.png,0
de361511-582.png,0
86d88f2a-c49.png,0
30b16417-7ba.png,1
d747e26c-7c8.png,2
7949cac8-2c8.png,2
39f56195-dc6.png,1
dab823ce-918.png,0
982ef5f5-6f0.png,0
843c3bf2-fd9.png,0
4151fedb-631.png,2
7cd63e2d-e6f.png,1
7162b716-104.png,2
67a11b4e-4da.png,2
89ac0de9-72f.png,2
fab35cd8-e4a.png,1
989b7fff-e95.png,2
ffb3f68c-871.png,1
eb489cf0-afb.png,1
6501b698-c89.png,2
b4278cc3-6e1.png,1
3edb1f68-0d6.png,1
9a618d40-89b.png,0
2f2a330b-9f0.png,2
dcbd13f7-f9b.png,0
09e5079b-42c.png,2
fe793437-54d.png,1
216d53fd-b45.png,0
9ab55f92-dab.png,1
59b42c7b-b2a.png,1
0ba8fba5-5c3.png,1
d08acbd7-f6d.png,2
d90b7c07-af9.png,1
6499e1cd-0fe.png,2
a9a0b4e9-bf3.png,1
d476f159-750.png,0
309e3a95-922.png,2
61107c8c-c71.png,2
81388cf8-cdc.png,2
04f5bef6-afa.png,0
8e7d4efc-131.png,2
7c1d46e9-43d.png,0
b567cae7-f1b.png,0
917c22bf-64e.png,1
b23fc725-b00.png,1
f7905c43-a34.png,2
f312bff1-783.png,2
7494203d-119.png,0
14777c94-d5d.png,2
5319f29e-78f.png,1
026cbc0e-69f.png,2
1198917c-76c.png,2
47ead88a-8c0.png,0
4594f7c2-ae8.png,0
7578a6cf-1b6.png,0
7e02eadf-f41.png,0
05d9dc1d-61f.png,1
8822d44a-7da.png,1
89152319-342.png,2
dcdea74c-eeb.png,0
af940341-278.png,2
4a3c84a5-714.png,0
ecec3f87-66b.png,2
62382114-767.png,1
1a382d50-60d.png,0
ab748f75-d86.png,2
58462266-3e9.png,1
bd81f856-f46.png,2
a0f7dca6-22b.png,2
a0864239-6b6.png,0
6c6866e4-104.png,0
5db7b0c1-812.png,1
a64762be-9d2.png,2
8e028eb0-703.png,0
b0897ad8-5cb.png,2
a2f900b7-839.png,1
2408c442-657.png,0
4ad584a6-4b4.png,2
b4da5daf-7d0.png,2
d62d989a-39a.png,1
5c9d5e6e-f59.png,2
5c394fb6-ead.png,2
89226b04-6aa.png,2
b0ed7bf2-32a.png,1
711db69a-e14.png,0
18c51f78-87b.png,2
2949c99d-530.png,2
d3a035fd-8a7.png,2
9240e26b-4f3.png,1
2478caf3-158.png,0
9cf7a22c-cdf.png,2
0b95d0e7-289.png,0
af66dba1-c58.png,1
66ce6a35-395.png,2
2d3b75de-384.png,0
c43a6e89-597.png,2
a0750595-3f6.png,2
8e1ecd41-002.png,0
f45ef88c-114.png,1
284dcfba-b40.png,2
b8d5db67-406.png,0
7daca119-f4d.png,0
ca84abbe-f83.png,2
78ee0281-20f.png,0
5e73c4f0-328.png,1
ac1411e2-0d1.png,0
ae0fe5dc-23e.png,2
0ca360eb-aef.png,0
78c656e4-b32.png,2
4fd287b7-876.png,2
939c49fe-69e.png,2
c0cb4c96-7c3.png,0
20a1b78d-b60.png,0
b3947bd1-1d6.png,2
785134a3-801.png,2
277366ce-7e7.png,1
e8624ca9-7ba.png,2
878aec2d-f55.png,1
29db18b2-b3c.png,2
c8ff2cdc-314.png,2
c028ca1b-10a.png,2
44ea12e2-621.png,2
752c8635-2b2.png,2
4dc7879b-41a.png,2
75b201c4-db5.png,0
85d5e2c6-13e.png,1
27901fa3-967.png,2
fca9530b-786.png,0
0408806c-d41.png,2
1244759e-c26.png,0
64800af7-fcc.png,1
31fd4883-c3b.png,0
9756d69f-490.png,0
bec999cc-ebd.png,2
51819303-611.png,2
1692e478-23b.png,1
dfc063f9-f61.png,1
89f8cbcc-677.png,2
0baaf70c-027.png,2
f703d76d-e57.png,2
ed0bf7b2-cf6.png,0
18a1ee77-593.png,1
e23431b6-821.png,1
46675291-cc0.png,1
07e92981-941.png,1
72feeaa1-e93.png,2
a2e3bae2-e46.png,2
f8e002b6-6a1.png,1
e0aaf45f-f63.png,1
d8a281e2-ff0.png,1
3d0e4933-154.png,2
17483f1c-233.png,0
f3f8a6e4-655.png,2
2eb14dd5-c8a.png,2
c82f7f1d-667.png,1
03a1dc43-71f.png,1
02e53a03-6de.png,2
f2f7af19-cc6.png,1
44966a5f-aad.png,2
9c27ed41-a7f.png,0
7b0608d8-bea.png,0
da6a4a8a-e41.png,0
bed20322-926.png,0
510f2938-de3.png,0
82915d10-c90.png,0
d4e3d5f3-56e.png,1
922610de-b44.png,0
a5a14556-92a.png,1
98e9ed7a-b53.png,2
f207a981-1e4.png,1
7b2f2e68-0a4.png,0
8c908737-7cb.png,2
5d658edc-fce.png,2
2c480754-bd7.png,2
15147061-93b.png,0
cf23419b-4c4.png,0
74245328-afc.png,1
202e7572-42c.png,2
82e055da-8e4.png,0
0939bd23-edf.png,2
0b248b25-f0a.png,2
3ac9a6f3-cc3.png,1
f4c5d475-1d5.png,0
24256588-cdc.png,2
e05e0f67-fc7.png,0
46e5d144-386.png,1
5c5a651f-f30.png,1
d340ece8-64f.png,2
42102367-f31.png,1
a0bd4b12-358.png,2
78200fdd-c07.png,0
feb4dce6-5cd.png,2
ae92b3ac-4c0.png,2
479032d6-207.png,2
05ac5704-fb9.png,0
eac6b73d-076.png,0
98fab6b7-158.png,2
74c59233-724.png,1
68494411-2d9.png,2
47f7c000-6a8.png,2
7ab783dd-6e1.png,1
2e133565-651.png,2
9f39c4cf-59f.png,1
5edd30dd-9c1.png,1
c280a8e8-16f.png,2
5b9a2a9b-65b.png,2
0f5a1b8e-3a0.png,0
3fe66922-66e.png,1
c7e62f98-c88.png,1
d05b83c4-2c4.png,1
a1c24f37-31c.png,2
acb85a1f-814.png,2
77aec49c-7d0.png,0
471bafe6-b82.png,2
523f6b59-fdb.png,0
0be0c676-576.png,0
85b1c2c3-81d.png,2
04df2d38-2a9.png,2
dff1553b-8a3.png,2
df47d37e-e0a.png,2
13fee601-710.png,0
2bfb5225-c0c.png,2
c46af439-207.png,0
4f3d09d4-0af.png,2
f2aa1269-ac9.png,2
7d13770d-95f.png,0
e22fa960-a8b.png,0
8274200e-76b.png,0
5a0773f5-4de.png,1
6db063e1-ade.png,2
1fe888a1-7ce.png,2
8cb54f58-1ca.png,2
cd153454-6fe.png,2
b0c2f1b8-3f6.png,0
7763dbac-bb9.png,1
3f3a0d14-c7b.png,0
030b5d48-198.png,1
7fc4a515-250.png,0
e9f56bc4-a17.png,2
b7c4cd3b-285.png,0
828b5631-134.png,1
213b5058-c54.png,0
7a816c2b-66b.png,0
3b3b9e0a-893.png,1
7148f2e1-002.png,1
6ea56abd-9e1.png,0
0be4f423-567.png,2
4c1f6c5d-39a.png,1
cc7d3069-a4f.png,2
7bcfb3cf-068.png,2
a79d8cd9-8af.png,2
89c036ed-0fc.png,0
ba58f8a3-4ca.png,1
a0092663-a9e.png,2
c785936b-77f.png,1
383734b6-0ee.png,0
5d4bcd22-296.png,1
43143148-534.png,1
50100c15-417.png,2
ef17a663-3d6.png,2
1ddb32fd-faf.png,1
225f68f5-5cc.png,0
b569de98-9d9.png,2
2c5d874b-25c.png,2
779d8ff8-4e3.png,2
062bdb09-359.png,2
9dc87c59-279.png,0
23d05359-059.png,0
b56cee1f-a13.png,0
b6639d69-5aa.png,2
d2a2d761-30d.png,2
7b833dab-bb3.png,1
f7c5ab50-7a5.png,2
a99c9f10-5c0.png,2
1c7d0416-ddc.png,1
612d32e5-20a.png,0
43b42966-e34.png,2
3ab76ee6-cd8.png,0
59c0dd1c-f32.png,2
36c69f21-2e9.png,0
dc80add2-d5b.png,1
115b8383-bf9.png,2
8614b00b-b32.png,0
015fc606-d6b.png,1
212bc0de-218.png,2
2b27154e-43d.png,2
0e5c1a11-4fd.png,1
9e4d82a3-ab9.png,1
5550aefe-2af.png,1
20b29bc6-055.png,1
a1a9c65f-406.png,0
b844f5ce-3fe.png,1
196ea317-2f6.png,2
5ba7c7ff-f15.png,0
fb2af591-b42.png,2
0b203f36-83e.png,2
3833f75d-7b4.png,2
376d408a-793.png,1
ba3a4ab0-139.png,0
f6a91bed-c54.png,1
8e730bf6-458.png,2
c8de5473-1f5.png,1
21f53aad-c8d.png,0
4e99be0b-428.png,2
1ea0cad6-0e5.png,1
89f41b61-f44.png,2
74d59426-e1f.png,2
c0155f6b-71c.png,2
91e20c99-2cd.png,0
35b58f37-3a5.png,0
59f65b0d-ceb.png,1
69b2c47c-54f.png,2
ea2106f3-71c.png,0
49644c1b-794.png,0
a938c3ee-de2.png,2
8bfa78de-3cb.png,2
a3f8c540-c62.png,0
d7b59f3f-86f.png,2
723427cc-9ce.png,1
2cf37f05-8f8.png,2
79bfa397-9a0.png,0
bced87a7-30f.png,0
27765cdf-f01.png,1
913fcaf5-b89.png,2
be4dcf38-79e.png,0
7f314b0e-e25.png,1
636b8b5e-e1d.png,1
c6ac7a5a-9a9.png,2
abf71bdc-c62.png,0
df1c1331-7d2.png,2
7924c13b-dff.png,0
65b20676-2ab.png,2
6bfba665-cbb.png,0
d94915d1-847.png,0
5d9d4020-189.png,0
bf7e643a-20a.png,2
a313fad8-435.png,1
0d1e258b-0d8.png,0
8b79cc9e-fdc.png,1
582aaac5-d3c.png,2
81931091-6e7.png,2
6954b644-58b.png,1
0c86d726-fdc.png,2
b500ce9c-402.png,2
b0a1c72e-7ac.png,2
32dafdbe-99f.png,0
137572bc-e8d.png,2
1d5bfcc2-2a3.png,2
199cff20-216.png,2
359ec935-c11.png,2
c4b27802-682.png,2
770c7140-0ce.png,1
637eb122-35e.png,0
67a8e063-314.png,2
7d30524a-9f4.png,2
342b131e-69d.png,1
9a46df0a-d87.png,2
7c7cd1c7-8cb.png,2
5bca981b-a50.png,2
e5a61a70-27e.png,1
e80b21a9-50b.png,1
52ed175c-49b.png,1
ed78d41d-d25.png,2
413b051f-390.png,2
803ad33e-ca5.png,2
edd85dac-958.png,1
77dd5c86-5eb.png,0
40da958a-465.png,0
de58d68a-7e2.png,1
bebb9ff9-fbd.png,1
7d10b2e1-308.png,0
e1e12d03-6f9.png,1
f6899ec1-4bb.png,2
d1778a5d-801.png,2
52ea5411-063.png,2
4e0b8f2f-d94.png,1
6a860d6a-17d.png,2
858df6a3-c9c.png,0
7980d747-d2f.png,2
4e7f07b1-b48.png,2
e03a2421-2a8.png,1
9047635a-50a.png,1
7dcfddc2-cfb.png,0
f5bd9516-f9b.png,0
abfbd753-452.png,0
43782e31-eaf.png,0
8af17a0f-ffb.png,2
96315b60-503.png,0
2775c114-936.png,0
17b05f66-2cb.png,1
604f827c-516.png,2
a729f7c4-1ef.png,2
ab3b1db3-c9f.png,2
09ebc400-df6.png,0
00efecae-8b3.png,1
21280e69-c23.png,0
884b0ffe-447.png,2
ea1339b7-d91.png,0
a4aba794-aff.png,2
fb908ff7-c4a.png,2
773b465f-064.png,1
bf2df8cf-d98.png,2
3664263a-8a2.png,2
d6047d36-16d.png,1
69dd2cba-e2c.png,0
9f48c528-7f7.png,0
c71f4626-06b.png,1
41f27086-14b.png,2
cc6375cc-337.png,2
91864e33-e08.png,2
360056e8-d02.png,2
0edd41a1-b72.png,0
dd48cf3c-610.png,1
5ce67d69-f94.png,2
1efec954-9b8.png,1
ae3b5dd0-4e7.png,1
2ab7ec33-eef.png,2
39a80812-9d6.png,2
bbb1d8c6-ee9.png,2
a4ba678b-84b.png,1
0451e789-b48.png,2
11321c8b-e03.png,2
a190dbb6-809.png,0
b2d756d2-83a.png,0
abe8ced2-aad.png,1
af232bb4-9c8.png,1
b4b57d3d-24e.png,2
79fbc2eb-5c7.png,2
7dbf38f9-0e1.png,2
9478bc2e-712.png,0
17437a5f-88f.png,1
868df149-f35.png,0
fb5cd330-ce1.png,0
0583b92d-81e.png,0
f49f7852-d95.png,2
a38a6aa0-f7e.png,1
a133bd70-44e.png,2
48d2c670-70c.png,0
ce484676-9fb.png,1
fe47c4e9-d21.png,2
f9adeeb1-a3a.png,1
cd0eeadd-154.png,0
97fa3d95-23e.png,2
900ab54b-587.png,2
017a94ad-b66.png,2
85404aa6-cdc.png,0
b253df35-5a1.png,1
12aec87f-043.png,0
9830ffbe-876.png,0
139360f6-2c4.png,2
a30c25e5-f6d.png,0
393b245f-8ad.png,2
7781c5b9-81d.png,1
005583a8-98e.png,0
566d9f22-c79.png,2
02018934-c5b.png,2
8f011f80-080.png,1
28897a37-bef.png,1
7d4317d3-ceb.png,2
ba00c484-9d3.png,0
741cf0db-3a2.png,0
a9836ab5-d28.png,0
bc9690e0-f4f.png,2
fd0abef5-128.png,2
e5cb9224-e27.png,1
2d5d2adb-a92.png,1
d066cdbf-104.png,0
55086983-6d0.png,2
d5515a11-b26.png,0
2293a465-e4d.png,1
fe465806-e48.png,2
a5457eec-5a6.png,2
7fac790e-aea.png,1
1d54e0f8-781.png,0
56e4e813-553.png,1
36d6e612-6d3.png,1
46e05d6a-37a.png,1
b5fd752c-089.png,1
931e4835-fb7.png,0
7e41cdd8-efe.png,2
4674e91f-756.png,1
2551539b-4be.png,2
93c2e70e-6d8.png,2
96231191-f20.png,0
c1a17d3b-a67.png,0
47891359-548.png,1
90cda91e-9e6.png,0
482ba38f-002.png,1
95c55b5d-d80.png,0
e9033002-c20.png,1
527a9b41-8cd.png,1
8c5d31db-48e.png,0
5527de9e-b7c.png,2
e486d5d9-2e7.png,2
819eccbc-726.png,0
b74b9142-75b.png,2
8e8e8e8e-3eb.png,2
42ab1ba6-c44.png,2
8d5f0ff4-46a.png,1
c950d0f9-fe9.png,0
71c9b288-298.png,2
68e9f3f3-c10.png,2
4f6085c0-d91.png,2
f103ddee-345.png,0
0ec9ae8f-7f5.png,2
1db8dd19-13b.png,1
cdd00648-39e.png,0
6eec2952-bed.png,2
d4476875-675.png,0
2574fc2d-f00.png,2
42a4781c-ea7.png,2
d1364ede-881.png,2
d11354e6-6ae.png,2
f43898d2-6b6.png,1
a27002a3-fbd.png,2
ad81db71-ea7.png,0
e8b7dae1-2d2.png,0
29ad502e-ee1.png,2
ee17028b-b00.png,0
775d1057-22d.png,0
e44028ea-7ee.png,2
98f26c73-c55.png,2
08cadbe6-8c7.png,2
9794f3ca-700.png,1
4d25e9fc-8ce.png,1
9f86421f-e3b.png,1
291d5254-512.png,0
d673173a-761.png,1
fbe37d90-a04.png,2
95dd2e97-174.png,2
a92f313d-096.png,1
1001e8ea-f94.png,2
b45873c3-7c8.png,2
1da2260e-039.png,1
8d0de682-f71.png,2
46b17e16-726.png,1
6bb4432e-2d9.png,1
30bdb099-50d.png,2
4e8ab478-8d8.png,2
cdbdd674-2e5.png,2
628dbc77-375.png,0
80eff1d9-86a.png,1
4aab276b-ba5.png,0
b5e6d7d4-32e.png,0
8d295e9c-107.png,2
cd65b638-5fe.png,0
e3b07282-3b7.png,0
20541c03-cba.png,0
3113328a-7e0.png,1
cbac9cd0-c6c.png,0
46028a96-62b.png,1
a8ef3185-fe8.png,0
747bc178-b83.png,1
e7536484-eef.png,2
43cbaed4-7e6.png,2
f603fd27-891.png,1
27f42486-5d7.png,2
2994b26b-e13.png,0
b0a5391b-e0b.png,2
50995b00-f7b.png,2
787a9ff9-cdb.png,2
5a636402-732.png,2
3d941fbc-834.png,2
3d79f637-4c4.png,2
bb38ca35-502.png,2
767cc3a8-fb5.png,1
df49db3f-d58.png,2
9b4e2ec2-7e1.png,1
43170c4d-efe.png,2
b1bc6a0f-deb.png,2
ea486d8e-f8d.png,1
d7e283c0-9cd.png,0
5edf7370-a6c.png,0
c5c18838-3d6.png,1
5945827c-bad.png,1
0570b8ed-f72.png,2
87341187-715.png,1
62b795f8-398.png,1
f5e348f0-f63.png,1
bf060c19-444.png,2
759e18c5-549.png,0
65b5c3f6-430.png,2
1e3b0bd2-96e.png,0
62165e97-eab.png,2
5ef05dcc-8aa.png,1
ec549183-d03.png,0
4c941533-738.png,1
f7b8bd5d-1c1.png,0
6325383c-def.png,2
b57b5bd6-237.png,1
274312fe-2d9.png,0
b6b237fb-f5a.png,2
e0e9f91c-e91.png,2
bfb156d7-498.png,1
72e2333d-10f.png,0
e477c31a-dc6.png,2
605df85b-1f5.png,2
c6dfd447-a4b.png,1
37b40b2d-5fe.png,0
f7f400ff-862.png,0
52c72e6d-4f4.png,0
022ffa23-66e.png,2
254f632b-a89.png,2
92970065-544.png,2
833e89c2-358.png,0
e7859bbd-c91.png,0
d9099b64-f5f.png,1
a6ec5010-0b8.png,0
a1c0ac53-ee7.png,0
fa74942a-28b.png,0
cd3169d3-146.png,0
bffe0cee-ff2.png,2
f91fc7b7-854.png,2
5abcf4c8-9ce.png,0
286068e2-266.png,1
5feb3926-340.png,1
95c6df10-ecd.png,1
e313adb2-6a3.png,2
1eb690e8-f51.png,2
78421b91-1ac.png,2
71b6450d-d32.png,2
45782aef-76b.png,2
266dcd0a-5f3.png,2
144b3adf-e9d.png,1
216cd646-900.png,0
854b65df-bab.png,0
c6cc0e43-10f.png,0
e2d29f93-276.png,2
07400384-fb2.png,0
894e1ad8-c0f.png,1
4e3c28f1-396.png,0
1c547fa7-7d6.png,0
62c9577e-bcc.png,0
cb61a851-37c.png,2
995af186-f4a.png,0
b348dd6b-c49.png,2
f1037428-0a0.png,1
a82a965f-a65.png,1
ab3aebbf-f80.png,2
1f9d5e1f-2ea.png,1
f5251d5f-258.png,0
fe217a43-cdf.png,1
a0185488-e99.png,0
bf31d750-afb.png,0
ea73a93d-3ab.png,0
2fa7af14-317.png,1
bfc1cd3e-cf9.png,0
4b2e51d8-bdb.png,2
9a9e44f7-6c9.png,2
7b5bf720-08d.png,2
57d69a69-980.png,0
8c489921-de4.png,2
90c2dbe4-ad5.png,0
108965bd-0a8.png,2
66b4d632-e99.png,2
7326abcc-670.png,0
a6adeb6c-f2d.png,1
62495e4e-d66.png,2
03a85d0b-1ce.png,2
c39ff17e-3ff.png,0
bac50e29-50c.png,1
e6f08fa0-960.png,0
afe3c06f-025.png,2
cb8b90cf-b23.png,2
07657200-99c.png,2
120a7a0b-1a7.png,2
ae0eabc4-b76.png,2
2a9ee8e7-ebd.png,2
5a08e988-43b.png,2
ed6fdd63-a4f.png,2
1c634879-482.png,1
fd487740-5a3.png,2
ba2a2809-739.png,0
47b0d302-8e9.png,1
4c83a4f1-b0e.png,2
3f8746ed-29d.png,0
31bae7ab-356.png,2
26b50fc3-4b9.png,0
9bb1bc44-8bb.png,0
678196f5-9c7.png,0
04c180cd-bc4.png,2
b243f30b-54a.png,0
5510621b-941.png,0
ce9b526a-071.png,0
4edb9427-dca.png,0
b3f93471-65d.png,2
931560cf-864.png,1
ef4e73dd-376.png,2
ec1f6869-1e6.png,1
cc64c1c7-1d4.png,0
63e33f89-e8a.png,2
1882d79b-73c.png,2
b9910684-dfd.png,1
150ce09f-3a7.png,1
003f7166-ec2.png,0
0313c49a-306.png,2
afd16d6b-412.png,0
a11edd65-7d3.png,0
661bc0fc-55e.png,1
4a89a792-81f.png,0
0042ac54-0a7.png,2
35bbc0da-241.png,2
37d8e736-dd4.png,2
673298a5-e85.png,1
e2898e1a-f37.png,1
368dbbeb-837.png,2
9480f465-644.png,2
37e4bcf5-2b0.png,0
a335e8f6-5c9.png,0
2857b9c7-3c0.png,1
a4a3ceb4-4af.png,2
cbcf1988-f6b.png,1
ba9ea443-7bb.png,2
cfce7599-a16.png,0
3d7a8fdc-0b7.png,2
d479bd9e-c30.png,2
d24163a0-54d.png,0
de1b5163-5c0.png,2
a12e0748-3ed.png,2
548cbdd2-5b2.png,0
16e400d5-4fd.png,0
270b7cc8-56f.png,2
f09c8a83-ab7.png,0
f16a595d-405.png,0
052e9ec6-cce.png,2
bec92a76-f03.png,1
413cb1c9-274.png,2
19517e39-64e.png,1
d5a32ece-061.png,0
2f558753-856.png,2
6d650872-275.png,1
1d3cedd0-4c2.png,0
baf1bfcc-759.png,2
0c265bd6-ff9.png,0
30aad5a4-4e5.png,2
d9b7ccd3-d11.png,2
b88bdc6d-465.png,2
9b9478d9-284.png,2
b5641d2b-b2e.png,1
9df60167-e33.png,2
2726e4e5-0be.png,0
926c7b06-90e.png,2
0e42e422-a02.png,0
d64021ea-f8a.png,1
023e9c78-417.png,0
f517a2f6-48d.png,2
1668f4e2-f09.png,2
f2632eaa-289.png,0
698fea2e-817.png,0
aa922391-e79.png,1
39a470e4-191.png,1
421955da-6cc.png,1
6560b6d9-331.png,2
67ec1cec-13c.png,0
7600a522-7b9.png,0
a1ac9481-aab.png,2
57b81d6d-5b2.png,2
6807f252-408.png,0
bd0182d3-02d.png,1
5395f583-706.png,1
cf06717e-978.png,2
5dcb7e74-c5a.png,2
8f180e1a-7f6.png,1
35ef8525-ea2.png,2
c19e8b80-0c1.png,2
85fed479-6be.png,2
499a4da3-900.png,1
6a647c84-0c8.png,0
07f74b1c-95f.png,0
b78da294-78f.png,2
eda0509f-778.png,2
fa351b04-c19.png,2
e655da9f-288.png,2
c37a0258-6d4.png,1
7fc3a95c-61d.png,2
72039a4c-327.png,1
7eda2382-f6f.png,1
4c02bd76-658.png,0
4b9598bb-43d.png,1
d180c205-e0d.png,2
318cd663-d6f.png,1
6a860af2-ce3.png,2
585e2e1a-275.png,2
7d59bb2d-166.png,0
165531a3-9e1.png,0
fdbac811-bef.png,2
f980ddf0-381.png,2
5e610b6a-542.png,1
39f3e1ac-c1f.png,0
b5e3e13d-91c.png,0
f10d76a3-675.png,2
9ba0452f-909.png,0
5713c746-452.png,1
5d4f19cb-6fc.png,0
f8c811dc-ae1.png,0
16595bcd-65c.png,2
213bdd18-e8b.png,0
a420ce1d-b54.png,2
e65371a8-11c.png,0
8b7c648a-10d.png,2
3fcc06f1-549.png,0
ec20f27c-b20.png,2
c91b2bf9-74b.png,2
602fee6f-4d0.png,0
1d12a1cd-789.png,0
7625a5f1-9a4.png,2
582a6743-112.png,0
1d16ca4f-4a0.png,0
663b494e-383.png,2
abd34180-0c9.png,0
59166aec-2c4.png,2
cf053e1d-5c1.png,0
b45688eb-6e7.png,0
797970a1-386.png,1
62da9664-5cc.png,0
34ff414b-98c.png,0
f3159d74-942.png,0
fd471117-869.png,0
370f4dcf-9e1.png,0
c8a8f8ef-87e.png,0
7980e674-4a4.png,2
24cad489-b62.png,2
184f8583-1af.png,0
feaeeb70-bef.png,2
7020a70e-32a.png,2
74cda3dd-03f.png,1
dd040493-4c7.png,2
9d8220f6-b44.png,2
e646e4cf-e51.png,1
67c4c7b5-2f3.png,2
d9593719-adc.png,2
bebe81fb-fae.png,1
b4655a7d-5ad.png,0
dc8a84b4-d48.png,2
21ced931-0a9.png,1
6b9f3243-7e0.png,0
3636421b-82c.png,0
c5acfb54-a2b.png,0
3a11f9a4-d1e.png,0
98ee4b39-d7c.png,0
edfe0fcd-d9f.png,0
823326dc-347.png,2
f5df2e03-bce.png,2
2500a62a-f2d.png,1
ef1eea3b-2b7.png,0
28e1a10f-0d8.png,2
45ff5b8c-5cb.png,0
dbc0f0e5-8b5.png,2
ffa680ce-982.png,2
fa1c66a7-aac.png,2
1d91cc1f-cfa.png,1
165efb6f-399.png,1
1a37ed32-201.png,0
d90082f6-3a8.png,0
f4b84159-2a5.png,1
ddf44ebb-6ed.png,1
0ea44429-d98.png,2
938b0d7d-f96.png,1
a1567579-626.png,1
93430b0c-311.png,1
25eda44b-648.png,2
d067bec1-775.png,0
f1744a90-7a2.png,2
e0db3b2b-c3f.png,2
c233711c-556.png,1
534fdbc4-c74.png,1
b83f5cd5-94c.png,2
c88cb8f4-94e.png,2
1d3b3494-7ab.png,1
aec6f044-6c3.png,0
31dcf8f5-b6a.png,0
0362324b-f40.png,1
6139d976-eb0.png,1
be6a6600-554.png,2
740b6c20-063.png,1
af7d3f2d-fbd.png,1
af91f088-61d.png,2
1cb6fc7e-7fd.png,0
db603a8f-e68.png,1
d6bad952-125.png,1
625c2386-e56.png,0
0ba55ed0-b6c.png,1
5b724c02-e6d.png,1
846f4b33-31d.png,0
a85977b7-a94.png,2
99886b1b-b04.png,2
dd5b77ba-223.png,2
9751e375-299.png,0
9051e3d7-7ac.png,1
4517ef4d-772.png,1
eb9de7a7-584.png,2
5ecb953f-e69.png,1
438f252e-eff.png,2
a96bbbac-ae5.png,2
51d1a3de-aec.png,0
80be7748-873.png,1
f7992b2d-6d4.png,2
3eeb11b9-d48.png,0
9322933c-11f.png,1
ad42291c-26e.png,0
03623bbc-499.png,2
411278f7-035.png,2
34f2aec6-3c6.png,2
6372a12a-17f.png,2
61ca9f40-b64.png,2
978fbfa2-dd9.png,0
ae25a0dd-a3e.png,2
4f30cd68-8e8.png,1
da0445ec-dc8.png,2
963bd43f-acb.png,2
509518eb-822.png,2
b1554868-14c.png,2
b5dcb465-923.png,1
89207a14-f0d.png,0
1d164a84-43c.png,0
793a3403-bac.png,0
934560dc-30b.png,2
70886e0f-4c9.png,2
93544da5-dc2.png,2
9a70a7c3-7ff.png,2
8b7f15b1-080.png,0
ed1ddfbb-60a.png,2
e892f5ff-83f.png,2
5aa6659b-4dd.png,2
a9780153-ce2.png,0
0e62a357-cfd.png,0
ccf270a6-9d8.png,1
c218e8c8-e52.png,0
883f7f82-98f.png,2
739d7a1f-314.png,1
3715b1bb-788.png,2
999e7376-2d9.png,2
47e821ee-350.png,1
8414fa70-d85.png,0
fe708bac-473.png,1
b626360c-385.png,2
7769c8eb-ea8.png,0
21580f87-190.png,2
9b5115fe-613.png,2
0e567242-614.png,0
7e748ed0-e97.png,2
381890d9-5e1.png,2
aa56471f-b6f.png,2
14b75138-fb7.png,0
a245a9c5-73c.png,0
553fb7bc-c9c.png,1
ebfb5fe0-482.png,1
5ad86551-209.png,2
59dbce19-dd7.png,2
08de14cf-020.png,0
6c2040cc-558.png,2
4107500d-649.png,1
fcc384bb-e8d.png,1
40c541fc-5af.png,0
238864aa-2d6.png,1
8b58a560-e08.png,2
71b8be1b-f2d.png,1
c6be1eed-042.png,1
7546bab9-53c.png,0
be996852-10e.png,1
f27054f9-081.png,1
972fc9be-ed8.png,2
6adb63aa-d71.png,2
516c957f-873.png,0
8708aea7-6ce.png,2
ae0106b9-0d0.png,0
efbd65b4-223.png,2
9fd45f35-343.png,1
c910f5cc-c73.png,0
91232eb2-b64.png,0
c7a79598-1cf.png,2
e8177a9e-52b.png,2
ca280993-3e0.png,0
c14d8190-29f.png,2
f33f62f7-585.png,0
b47d5f37-20f.png,2
62281d98-626.png,2
a47943f4-ad7.png,2
dc56d211-7e1.png,2
a7d138b2-af7.png,0
f3d21b6f-fdf.png,0
b6f47832-a36.png,2
56ec5d27-f82.png,2
01f3f282-6e9.png,2
8a7dceef-a7c.png,0
4bbae77a-93e.png,2
ca671c4b-4b2.png,2
b6870b4e-de6.png,0
239200c7-773.png,1
e33860e3-f2f.png,2
84aed9cb-271.png,2
796f2645-a40.png,1
7f80c2a4-116.png,0
9e01f281-417.png,1
5baa19c9-223.png,0
5a6c1357-96c.png,1
b8acb134-da8.png,0
bc5e7c42-c85.png,1
c07005d4-0a7.png,1
174eb835-177.png,0
5cf7b6fe-40a.png,1
8ec15783-b51.png,0
56400bf3-edf.png,1
d07a7ce4-41e.png,0
4c3891da-22f.png,2
35275045-21a.png,1
968fca85-bfb.png,1
8dfa4d6c-70d.png,0
c796d0c5-308.png,1
d40e94d2-c46.png,2
bac339f7-e3c.png,1
1c36c1d4-06f.png,2
5f13ee0a-be0.png,0
c21bef6d-623.png,2
a5a7b436-d86.png,2
1300268a-6ca.png,2
72dd49e0-1ce.png,1
e0ce1bea-2bf.png,2
c3839b6e-e00.png,0
62cc0d06-c4e.png,0
e00b5820-d0d.png,2
3d167e3b-57b.png,2
9ba9a224-d5d.png,0
b2779c53-156.png,1
d91b3b71-2f2.png,2
b6675ef4-c89.png,2
9eaaf0ee-d79.png,2
0fcae3f9-d1a.png,1
de9db99e-dbc.png,0
678d91c7-cd3.png,2
3db3244d-add.png,0
bece9288-4b6.png,2
555b7d4d-d77.png,2
a267bdf4-8ba.png,2
491ee73d-594.png,0
f9365011-59e.png,0
c3704b59-4a7.png,1
60ba8735-e11.png,2
cb61679a-1cc.png,0
3e292884-7ef.png,2
4b4f01ba-d0a.png,0
689366cf-781.png,1
90414fd0-977.png,1
502fd99e-474.png,2
b1a683d0-36a.png,2
70b17acb-6ac.png,1
8fb10b9e-1ca.png,1
e3c73934-0d2.png,1
41850433-2d9.png,2
e5bcb148-05d.png,0
b576aa19-075.png,2
43a05387-a77.png,0
e4ac53e9-8f1.png,2
90981071-634.png,2
76ae66fd-aa6.png,2
2761139a-905.png,2
29061cad-3bc.png,0
695248a6-0cc.png,1
7124fcc0-b2d.png,0
2dfe9db6-bcb.png,2
d5d29ee1-313.png,2
1d0677d0-423.png,2
4a6ec86c-c3c.png,1
b9843947-48e.png,0
c4361e1d-19d.png,0
bb347a0b-0c4.png,1
96568672-de4.png,2
9da9c7d7-599.png,2
663fa0bb-d78.png,2
05bc0e1b-cb8.png,0
011e3a03-ab3.png,2
ad052da7-7b6.png,1
2f648192-969.png,2
149d74f7-6b1.png,1
14e1f73a-222.png,0
b6207800-586.png,2
c77bb1fe-f59.png,1
cf770320-013.png,0
8d68c025-5e4.png,2
b5f53d94-d53.png,2
d8d33c6a-b62.png,1
45fe8158-978.png,2
84fa59de-43e.png,2
21e00bef-b5c.png,0
06adff24-ceb.png,0
9ffb5474-639.png,0
bc679197-5e4.png,0
dc172d83-c56.png,0
c5923839-fb1.png,0
4c231a4b-17b.png,2
438cf474-9cc.png,0
b571e1e0-d15.png,2
fd611ede-084.png,1
a1c4c509-4ec.png,2
2b686239-f9e.png,0
a37a6b67-6f5.png,2
b1571b3a-14e.png,2
f283f062-4db.png,0
8f13d4d5-842.png,1
26fcde58-4ef.png,2
d7bc8e2a-2fb.png,1
10fc4179-eda.png,0
d7e06f61-ce3.png,2
a323c24b-751.png,2
b87f9680-aa3.png,0
41bd6776-5f1.png,0
68fce425-24e.png,2
08903e81-360.png,2
acf8d2cd-991.png,1
e8569741-4dc.png,2
34bac635-a0d.png,2
4fd40975-5c1.png,1
c7e7a4b8-5c8.png,1
46180460-078.png,2
dc8e8c5f-eb1.png,1
d3b6b2f6-ca1.png,0
3cd5c90c-09c.png,2
1d7259b6-f7f.png,0
800773dc-409.png,0
9bcbad8e-bce.png,1
f79d94d5-9c6.png,2
edd7e6f0-70e.png,1
a7d7730a-018.png,2
203520cf-bda.png,1
070ff641-45d.png,2
fbc6c1cc-6c8.png,2
e80527fe-325.png,0
dbca9585-d17.png,0
24647931-d54.png,2
d203885f-8fc.png,1
8879673d-328.png,0
69f32470-58c.png,2
3d225304-9bb.png,0
e624448d-ac5.png,2
e394ff00-9ea.png,1
0649fca1-186.png,0
32f5e893-a21.png,0
70ee6569-bcb.png,2
862e6a16-2eb.png,1
4e4e61c1-3d4.png,0
fd4f3d09-954.png,1
d55c1fac-38b.png,2
e5218d5a-69b.png,0
9b1ffdaa-54b.png,0
df631783-7b7.png,0
10d24123-fe6.png,2
aab969ce-baf.png,1
d666c22f-8f9.png,1
8f77f2ce-3e6.png,1
558e9eff-386.png,2
0d72be37-638.png,2
586b9555-076.png,1
7e96a726-2a4.png,1
f6cdb584-2e9.png,2
a2859df9-1dc.png,2
cf5fd843-9ae.png,2
2bff3f02-3c2.png,2
9e557af5-334.png,0
b8294883-27c.png,1
7e760484-c12.png,2
2df1e471-421.png,2
7b78b1cc-135.png,1
e1134cae-686.png,2
effc4377-151.png,1
389bbedd-2fb.png,1
c9ef53ea-af6.png,1
0596d136-333.png,1
a86d3474-b7e.png,2
951d88cd-6e3.png,2
825aea99-c7c.png,1
b2c5fd66-36b.png,0
af459231-132.png,2
03acb6a1-ee1.png,2
2beeb791-8d1.png,1
aa023617-624.png,1
0fbd5b20-9a7.png,1
71ab8bbc-52d.png,0
0b74fed7-41d.png,2
fcf3bcb4-8b6.png,0
bb3574e3-d34.png,1
4d3c0da7-a42.png,0
7453eb36-074.png,2
34c5d07e-a8d.png,0
6fe7b45b-167.png,2
8deda72d-691.png,0
0298fc6c-a69.png,2
dcef68d5-adc.png,1
b994ea72-523.png,1
916b3f29-d1f.png,2
d6820274-095.png,1
2ad31a36-460.png,1
44702cf7-c2e.png,1
b0ccedd9-c2e.png,0
b82072b2-05a.png,2
69bff39c-c2f.png,0
3cc74c34-e94.png,0
0422d59f-4ab.png,2
358dbd1d-462.png,2
531680df-dbf.png,2
3353065c-a43.png,2
9ce35534-4f1.png,2
f24411cb-db6.png,0
2e3eb507-20f.png,2
f870ee2a-589.png,1
9449d214-32a.png,2
45c4303c-cb4.png,1
079bfdb3-640.png,2
40dbf226-792.png,0
d9e7fc40-bc4.png,2
cd9e18f4-3b3.png,0
bb17e5dc-3a1.png,1
e62f78e2-2b1.png,2
fcb3a3e6-7ae.png,0
ff60b00b-878.png,2
fcc9d7bb-121.png,0
a87b7849-d28.png,2
9522972c-36e.png,1
ceefaeda-9c1.png,2
7e9889ec-93c.png,2
5d545eb8-755.png,1
29a6f971-a4e.png,2
593463a0-5c4.png,0
cd9e70ab-c3a.png,1
532e3cb3-b1e.png,1
b20ddfe3-450.png,2
8589a332-152.png,2
f4ab921e-0db.png,0
0be99874-906.png,1
60796821-dc2.png,0
d0f8c519-e4a.png,1
c218ca3d-e1b.png,2
b037b1b1-92d.png,2
854b4963-a25.png,0
58c53c2b-bb6.png,1
c8823417-607.png,0
242d64c3-b5b.png,2
b356b2c5-f67.png,2
0ccd5ab1-9bd.png,1
a04efb14-414.png,1
299efccd-d6d.png,2
a90a1acb-105.png,0
5fb1fc69-3c1.png,2
7480043e-8ef.png,1
07e0085e-daa.png,0
82f91014-bc7.png,2
1ab97686-bbb.png,2
bcee9379-d90.png,1
8c44662e-a4b.png,1
ff7255ab-48e.png,1
377b63be-bad.png,2
d44e5baa-bb8.png,2
035fa528-30b.png,1
17dad250-e67.png,1
e29de766-a3a.png,2
cdec5120-4e8.png,0
59fd63af-e8d.png,0
9b6ebb2d-fe2.png,1
78b8a2a6-a5c.png,2
bb41bbcc-619.png,1
b21d4aca-a58.png,0
872660be-c4e.png,0
d1a43f44-651.png,1
30bc5a22-fa4.png,0
8d634aab-670.png,0
873012d3-9e9.png,2
8aa307bf-fe5.png,0
6cca8310-20f.png,1
18d91b95-3b3.png,1
ea66e027-c58.png,2
ffea398a-ab3.png,0
4694bc56-20e.png,1
528f4d42-a17.png,0
c1b1ec68-c92.png,0
2f3e7d7f-44d.png,2
bfe73bb1-dab.png,2
f1003125-3b1.png,0
2e1bbe8a-08d.png,0
cd6861ab-e35.png,0
25bdf665-4a6.png,0
e6cb6c3c-178.png,1
49aa51be-c78.png,0
49f4d818-b4d.png,0
370f71c0-f6d.png,1
d3161cf6-20f.png,2
6d1fc217-42b.png,1
e411202d-d04.png,0
b581c6d7-d4a.png,2
c039e38d-e23.png,0
32254f97-9c2.png,1
9555256a-725.png,2
79647247-78e.png,1
52042cce-62d.png,1
ee7e93c9-e0c.png,0
43f9123c-e1d.png,1
caa86775-e9e.png,1
98dd2122-8fc.png,2
1055b827-d91.png,1
9eaea092-9be.png,2
d96ee801-99e.png,0
2b563f70-e9c.png,2
9b17297d-d13.png,0
514cfb50-93d.png,2
244787b1-92a.png,1
f53295c8-af0.png,2
4fadb9f4-ddc.png,0
f121086c-f8d.png,2
559f4782-4e1.png,1
6a07b941-723.png,2
ee2e4584-757.png,2
600df269-c28.png,0
9fbbbe26-fac.png,2
e123dbf1-7cb.png,2
f25e15b3-fef.png,0
8e212406-639.png,0
c8a12bcd-130.png,1
07c6470d-dcb.png,2
0855598c-3ca.png,2
55da44f3-812.png,0
cfcfe4d8-dca.png,0
73b8abaa-347.png,0
d250f7ec-b0c.png,2
3a3204d8-d53.png,0
2f3f9f0f-d58.png,2
db96e29e-d14.png,1
042c421a-a37.png,2
589043e6-f06.png,2
ed370fe8-7c2.png,2
7eb3e235-8a8.png,1
0d5086d3-098.png,2
829dbbe5-831.png,1
30f48158-ac8.png,2
739ffc8c-86c.png,1
a1e08ee5-a84.png,2
6b73177b-f22.png,1
cfafc9ac-15e.png,0
bb495694-c07.png,2
22a301e8-18d.png,1
20450dac-f51.png,1
33c6dbcc-c80.png,0
22fd7a23-653.png,1
7fe8e7c8-68f.png,2
37a46b5e-29b.png,0
8d59fe77-d34.png,2
0d46e2d0-7c9.png,0
04bb2218-758.png,2
f0fde4eb-d3f.png,0
6b55e236-a81.png,1
bb287f32-a4d.png,2
de28443f-aca.png,1
5539ada3-1f6.png,2
6a16f449-eac.png,0
74aaf540-1a0.png,1
d28846e2-671.png,0
1cca0711-7e6.png,2
18542edb-5d8.png,0
1a3a8398-383.png,2
f20be32a-3dd.png,0
3226647d-a6b.png,2
733c104c-40d.png,0
c4c9baee-75e.png,2
908125a8-1de.png,2
65cb13fd-44d.png,2
8339a57b-2fb.png,0
ab5ecaf3-d6c.png,1
c11537f7-135.png,1
b19e49a9-de0.png,2
ea38a13a-633.png,2
d122b295-3ad.png,0
8405f20f-a60.png,1
8b8c9923-d44.png,2
4c6b23f6-6b2.png,1
3170e854-6be.png,2
70a98bd0-09d.png,0
7e87a390-a78.png,1
ec6473e9-6f6.png,0
2d295969-12e.png,0
7c2e6e1d-6c2.png,1
0bcbeaab-dd7.png,0
bdb98196-dd2.png,2
c96323b8-965.png,2
08e80766-8fb.png,1
6247207f-7cc.png,0
018de9e0-cf6.png,0
f9510ecf-cec.png,0
2a9d417b-9e4.png,2
df841b76-af0.png,0
110912e1-ae6.png,0
68725fe3-51f.png,0
83e900b6-b78.png,0
72c7f1ef-ff5.png,1
1920e133-525.png,2
2fa983c5-dcd.png,1
bf0abe10-6ab.png,0
45f2779f-c30.png,2
1688f45c-01a.png,0
78ef945c-6b9.png,2
d3e06124-505.png,2
b5b92a9d-525.png,1
50830152-c18.png,2
5bee7d78-90f.png,0
25526134-03c.png,2
6b5fd5c3-499.png,0
7974be65-838.png,2
2b376cf0-739.png,2
75a0e60f-ecb.png,1
ad980416-f73.png,0
6bca5bb2-331.png,2
dfeab7a6-6ae.png,0
6e07f7ad-e3c.png,1
4e285cb7-421.png,1
71b2dcbf-778.png,1
0ef767f1-4c5.png,0
edc0004e-0e3.png,1
bc8ccf32-1ec.png,2
85d43423-d3f.png,2
bc700bc2-fac.png,0
d876a4b9-ef2.png,0
78bb60cf-4c2.png,0
2c5eddda-f91.png,0
